experiment,sweep_id,repeat_index,M,N,K,iters,ops_nominal,dtype,locality,operand_dist_a,operand_dist_b,util_frac,energy_j,duration_s,mean_power_w,meter_method,r_j_per_op,gpu_name,gpu_uuid,driver_version,cuda_version,torch_version,persistence_mode,sm_clock_mhz,mem_clock_mhz,power_limit_w,temperature_c,throttled,throttle_reasons,clocks_locked,timestamp_utc,trimmed,sm_clock_p50_mhz,sm_clock_min_mhz,sm_clock_max_mhz,temperature_max_c,throttle_union,idle_variant
0,796438566c67,0,2048,2048,2048,18194,312570539933696,fp16,streamed,reference_drift,reference_drift,,650.892,1.3265957310213707,490.64834506806847,nvml_energy_counter,2.0823843479877228e-12,NVIDIA A100-SXM4-80GB,GPU-7657e9bf-9b75-a6b8-af6b-966114659e91,595.84,13020,2.5.1+cu124,True,1350,1593,500.0,61.0,False,4,False,2026-07-21T03:32:44.271050+00:00,False,1350.0,1350.0,1365.0,56.0,4,
0,796438566c67,1,2048,2048,2048,18194,312570539933696,fp16,streamed,reference_drift,reference_drift,,650.014,1.327623083954677,489.607334985289,nvml_energy_counter,2.07957538204939e-12,NVIDIA A100-SXM4-80GB,GPU-7657e9bf-9b75-a6b8-af6b-966114659e91,595.84,13020,2.5.1+cu124,True,1350,1593,500.0,61.0,False,4,False,2026-07-21T03:32:44.271050+00:00,False,1350.0,1335.0,1350.0,57.0,4,
0,796438566c67,2,2048,2048,2048,18194,312570539933696,fp16,streamed,reference_drift,reference_drift,,699.999,1.3287410190096125,526.813720646443,nvml_energy_counter,2.239491284586472e-12,NVIDIA A100-SXM4-80GB,GPU-7657e9bf-9b75-a6b8-af6b-966114659e91,595.84,13020,2.5.1+cu124,True,1350,1593,500.0,61.0,False,4,False,2026-07-21T03:32:44.271050+00:00,True,1350.0,1335.0,1350.0,58.0,4,
0,796438566c67,3,2048,2048,2048,18194,312570539933696,fp16,streamed,reference_drift,reference_drift,,653.43,1.3296913569793105,491.4147907860449,nvml_energy_counter,2.0905041151306476e-12,NVIDIA A100-SXM4-80GB,GPU-7657e9bf-9b75-a6b8-af6b-966114659e91,595.84,13020,2.5.1+cu124,True,1350,1593,500.0,61.0,False,4,False,2026-07-21T03:32:44.271050+00:00,False,1350.0,1335.0,1380.0,60.0,4,
0,796438566c67,4,2048,2048,2048,18194,312570539933696,fp16,streamed,reference_drift,reference_drift,,652.208,1.3298802549834363,490.4261098365757,nvml_energy_counter,2.0865945976173876e-12,NVIDIA A100-SXM4-80GB,GPU-7657e9bf-9b75-a6b8-af6b-966114659e91,595.84,13020,2.5.1+cu124,True,1350,1593,500.0,61.0,False,4,False,2026-07-21T03:32:44.271050+00:00,False,1350.0,1320.0,1350.0,61.0,4,
1,796438566c67,0,2048,2048,2048,8579,147386097729536,tf32,resident,zeros,zeros,,430.389,1.4374747599940747,299.4063005334258,nvml_energy_counter,2.920146517413023e-12,NVIDIA A100-SXM4-80GB,GPU-7657e9bf-9b75-a6b8-af6b-966114659e91,595.84,13020,2.5.1+cu124,True,1410,1593,500.0,50.0,False,0,False,2026-07-21T03:32:55.953161+00:00,False,1410.0,1410.0,1410.0,50.0,0,
1,796438566c67,1,2048,2048,2048,8579,147386097729536,tf32,resident,zeros,zeros,,400.19,1.437825764005538,278.3299687753116,nvml_energy_counter,2.7152493088892086e-12,NVIDIA A100-SXM4-80GB,GPU-7657e9bf-9b75-a6b8-af6b-966114659e91,595.84,13020,2.5.1+cu124,True,1410,1593,500.0,50.0,False,0,False,2026-07-21T03:32:55.953161+00:00,False,1410.0,1410.0,1410.0,50.0,0,
1,796438566c67,2,2048,2048,2048,8579,147386097729536,tf32,resident,zeros,zeros,,430.477,1.436832856037654,299.60130587988084,nvml_energy_counter,2.9207435886521398e-12,NVIDIA A100-SXM4-80GB,GPU-7657e9bf-9b75-a6b8-af6b-966114659e91,595.84,13020,2.5.1+cu124,True,1410,1593,500.0,50.0,False,0,False,2026-07-21T03:32:55.953161+00:00,True,1410.0,1410.0,1410.0,50.0,0,
1,796438566c67,3,2048,2048,2048,8579,147386097729536,tf32,resident,zeros,zeros,,400.672,1.4376565339625813,278.6979995114943,nvml_energy_counter,2.7185196309034634e-12,NVIDIA A100-SXM4-80GB,GPU-7657e9bf-9b75-a6b8-af6b-966114659e91,595.84,13020,2.5.1+cu124,True,1410,1593,500.0,50.0,False,0,False,2026-07-21T03:32:55.953161+00:00,False,1410.0,1410.0,1410.0,50.0,0,
1,796438566c67,4,2048,2048,2048,8579,147386097729536,tf32,resident,zeros,zeros,,403.538,1.4360922040068544,280.9972778029745,nvml_energy_counter,2.7379651555774344e-12,NVIDIA A100-SXM4-80GB,GPU-7657e9bf-9b75-a6b8-af6b-966114659e91,595.84,13020,2.5.1+cu124,True,1410,1593,500.0,50.0,False,0,False,2026-07-21T03:32:55.953161+00:00,False,1410.0,1410.0,1410.0,50.0,0,
1,796438566c67,0,2048,2048,2048,19987,343374045380608,fp16,streamed,dense_random,dense_random,,755.71,1.4684229650301859,514.6405483957172,nvml_energy_counter,2.200836114920521e-12,NVIDIA A100-SXM4-80GB,GPU-7657e9bf-9b75-a6b8-af6b-966114659e91,595.84,13020,2.5.1+cu124,True,1335,1593,500.0,67.0,False,4,False,2026-07-21T03:33:07.761607+00:00,True,1335.0,1335.0,1350.0,64.0,4,
1,796438566c67,1,2048,2048,2048,19987,343374045380608,fp16,streamed,dense_random,dense_random,,711.276,1.4684027360053733,484.38754747552935,nvml_energy_counter,2.071432042021686e-12,NVIDIA A100-SXM4-80GB,GPU-7657e9bf-9b75-a6b8-af6b-966114659e91,595.84,13020,2.5.1+cu124,True,1335,1593,500.0,67.0,False,4,False,2026-07-21T03:33:07.761607+00:00,False,1335.0,1320.0,1350.0,65.0,4,
1,796438566c67,2,2048,2048,2048,19987,343374045380608,fp16,streamed,dense_random,dense_random,,748.475,1.4696261700009927,509.296183804004,nvml_energy_counter,2.179765797878997e-12,NVIDIA A100-SXM4-80GB,GPU-7657e9bf-9b75-a6b8-af6b-966114659e91,595.84,13020,2.5.1+cu124,True,1335,1593,500.0,67.0,False,4,False,2026-07-21T03:33:07.761607+00:00,False,1350.0,1320.0,1365.0,66.0,4,
1,796438566c67,3,2048,2048,2048,19987,343374045380608,fp16,streamed,dense_random,dense_random,,751.675,1.472005621995777,510.6468268652825,nvml_energy_counter,2.189085081159284e-12,NVIDIA A100-SXM4-80GB,GPU-7657e9bf-9b75-a6b8-af6b-966114659e91,595.84,13020,2.5.1+cu124,True,1335,1593,500.0,67.0,False,4,False,2026-07-21T03:33:07.761607+00:00,False,1335.0,1320.0,1365.0,66.0,4,
1,796438566c67,4,2048,2048,2048,19987,343374045380608,fp16,streamed,dense_random,dense_random,,703.238,1.4710029549896717,478.0670206097157,nvml_energy_counter,2.0480231673320157e-12,NVIDIA A100-SXM4-80GB,GPU-7657e9bf-9b75-a6b8-af6b-966114659e91,595.84,13020,2.5.1+cu124,True,1335,1593,500.0,67.0,False,4,False,2026-07-21T03:33:07.761607+00:00,False,1335.0,1305.0,1365.0,67.0,4,
1,796438566c67,0,2048,2048,2048,19120,328479098798080,fp16,resident,declared_typical,declared_typical,,700.791,1.4060879360185936,498.3977047582983,nvml_energy_counter,2.1334416788289613e-12,NVIDIA A100-SXM4-80GB,GPU-7657e9bf-9b75-a6b8-af6b-966114659e91,595.84,13020,2.5.1+cu124,True,1350,1593,500.0,70.0,False,4,False,2026-07-21T03:33:19.102359+00:00,False,1335.0,1335.0,1350.0,69.0,4,
1,796438566c67,1,2048,2048,2048,19120,328479098798080,fp16,resident,declared_typical,declared_typical,,700.203,1.4065971589880064,497.79924232448303,nvml_energy_counter,2.1316516105958482e-12,NVIDIA A100-SXM4-80GB,GPU-7657e9bf-9b75-a6b8-af6b-966114659e91,595.84,13020,2.5.1+cu124,True,1350,1593,500.0,70.0,False,4,False,2026-07-21T03:33:19.102359+00:00,False,1335.0,1335.0,1350.0,69.0,4,
1,796438566c67,2,2048,2048,2048,19120,328479098798080,fp16,resident,declared_typical,declared_typical,,704.073,1.4042822100454941,501.3757170484915,nvml_energy_counter,2.1434331821301116e-12,NVIDIA A100-SXM4-80GB,GPU-7657e9bf-9b75-a6b8-af6b-966114659e91,595.84,13020,2.5.1+cu124,True,1350,1593,500.0,70.0,False,4,False,2026-07-21T03:33:19.102359+00:00,True,1350.0,1335.0,1350.0,69.0,4,
1,796438566c67,3,2048,2048,2048,19120,328479098798080,fp16,resident,declared_typical,declared_typical,,703.244,1.4060420989990234,500.1585660206384,nvml_energy_counter,2.140909429468121e-12,NVIDIA A100-SXM4-80GB,GPU-7657e9bf-9b75-a6b8-af6b-966114659e91,595.84,13020,2.5.1+cu124,True,1350,1593,500.0,70.0,False,4,False,2026-07-21T03:33:19.102359+00:00,False,1350.0,1335.0,1350.0,69.0,4,
1,796438566c67,4,2048,2048,2048,19120,328479098798080,fp16,resident,declared_typical,declared_typical,,702.342,1.4070177749963477,499.17066612880785,nvml_energy_counter,2.138163440443856e-12,NVIDIA A100-SXM4-80GB,GPU-7657e9bf-9b75-a6b8-af6b-966114659e91,595.84,13020,2.5.1+cu124,True,1350,1593,500.0,70.0,False,4,False,2026-07-21T03:33:19.102359+00:00,False,1350.0,1320.0,1365.0,70.0,4,
1,796438566c67,0,2048,2048,2048,13414,230450765234176,bf16,resident,zeros,zeros,,284.928,1.4376286609913222,198.19304367758417,nvml_energy_counter,1.2363942454713315e-12,NVIDIA A100-SXM4-80GB,GPU-7657e9bf-9b75-a6b8-af6b-966114659e91,595.84,13020,2.5.1+cu124,True,1410,1593,500.0,49.0,False,0,False,2026-07-21T03:33:30.851129+00:00,False,1410.0,1410.0,1410.0,52.0,0,
1,796438566c67,1,2048,2048,2048,13414,230450765234176,bf16,resident,zeros,zeros,,303.937,1.4375906689674594,211.42109959457437,nvml_energy_counter,1.3188804111418328e-12,NVIDIA A100-SXM4-80GB,GPU-7657e9bf-9b75-a6b8-af6b-966114659e91,595.84,13020,2.5.1+cu124,True,1410,1593,500.0,49.0,False,0,False,2026-07-21T03:33:30.851129+00:00,True,1410.0,1410.0,1410.0,51.0,0,
1,796438566c67,2,2048,2048,2048,13414,230450765234176,bf16,resident,zeros,zeros,,282.975,1.4376438400358893,196.83247833687088,nvml_energy_counter,1.2279195502451498e-12,NVIDIA A100-SXM4-80GB,GPU-7657e9bf-9b75-a6b8-af6b-966114659e91,595.84,13020,2.5.1+cu124,True,1410,1593,500.0,49.0,False,0,False,2026-07-21T03:33:30.851129+00:00,False,1410.0,1410.0,1410.0,50.0,0,
1,796438566c67,3,2048,2048,2048,13414,230450765234176,bf16,resident,zeros,zeros,,282.37,1.4376583670382388,196.40966621417752,nvml_energy_counter,1.2252942606333526e-12,NVIDIA A100-SXM4-80GB,GPU-7657e9bf-9b75-a6b8-af6b-966114659e91,595.84,13020,2.5.1+cu124,True,1410,1593,500.0,49.0,False,0,False,2026-07-21T03:33:30.851129+00:00,False,1410.0,1410.0,1410.0,50.0,0,
1,796438566c67,4,2048,2048,2048,13414,230450765234176,bf16,resident,zeros,zeros,,302.139,1.437744470022153,210.14791313740514,nvml_energy_counter,1.3110783107748718e-12,NVIDIA A100-SXM4-80GB,GPU-7657e9bf-9b75-a6b8-af6b-966114659e91,595.84,13020,2.5.1+cu124,True,1410,1593,500.0,49.0,False,0,False,2026-07-21T03:33:30.851129+00:00,False,1410.0,1410.0,1410.0,49.0,0,
1,796438566c67,0,2048,2048,2048,13445,230983341178880,bf16,streamed,low_entropy,low_entropy,,419.51,1.447908069996629,289.7352454158065,nvml_energy_counter,1.8161915827302872e-12,NVIDIA A100-SXM4-80GB,GPU-7657e9bf-9b75-a6b8-af6b-966114659e91,595.84,13020,2.5.1+cu124,True,1410,1593,500.0,52.0,False,0,False,2026-07-21T03:33:42.703134+00:00,False,1410.0,1410.0,1410.0,53.0,0,
1,796438566c67,1,2048,2048,2048,13445,230983341178880,bf16,streamed,low_entropy,low_entropy,,390.338,1.4482405580347404,269.525665356098,nvml_energy_counter,1.6898967605534431e-12,NVIDIA A100-SXM4-80GB,GPU-7657e9bf-9b75-a6b8-af6b-966114659e91,595.84,13020,2.5.1+cu124,True,1410,1593,500.0,52.0,False,0,False,2026-07-21T03:33:42.703134+00:00,False,1410.0,1410.0,1410.0,53.0,0,
1,796438566c67,2,2048,2048,2048,13445,230983341178880,bf16,streamed,low_entropy,low_entropy,,422.385,1.445702548022382,292.16590963182057,nvml_energy_counter,1.8286383677898794e-12,NVIDIA A100-SXM4-80GB,GPU-7657e9bf-9b75-a6b8-af6b-966114659e91,595.84,13020,2.5.1+cu124,True,1410,1593,500.0,52.0,False,0,False,2026-07-21T03:33:42.703134+00:00,True,1410.0,1410.0,1410.0,53.0,0,
1,796438566c67,3,2048,2048,2048,13445,230983341178880,bf16,streamed,low_entropy,low_entropy,,392.315,1.447196213004645,271.08625387118866,nvml_energy_counter,1.6984558193579e-12,NVIDIA A100-SXM4-80GB,GPU-7657e9bf-9b75-a6b8-af6b-966114659e91,595.84,13020,2.5.1+cu124,True,1410,1593,500.0,52.0,False,0,False,2026-07-21T03:33:42.703134+00:00,False,1410.0,1410.0,1410.0,53.0,0,
1,796438566c67,4,2048,2048,2048,13445,230983341178880,bf16,streamed,low_entropy,low_entropy,,417.29,1.4485255180043168,288.0791500138118,nvml_energy_counter,1.8065805000060108e-12,NVIDIA A100-SXM4-80GB,GPU-7657e9bf-9b75-a6b8-af6b-966114659e91,595.84,13020,2.5.1+cu124,True,1410,1593,500.0,52.0,False,0,False,2026-07-21T03:33:42.703134+00:00,False,1410.0,1410.0,1410.0,52.0,0,
1,796438566c67,0,2048,2048,2048,13353,229402793213952,bf16,streamed,zeros,zeros,,293.279,1.4396900549763814,203.70981864204884,nvml_energy_counter,1.2784456365641285e-12,NVIDIA A100-SXM4-80GB,GPU-7657e9bf-9b75-a6b8-af6b-966114659e91,595.84,13020,2.5.1+cu124,True,1410,1593,500.0,46.0,False,0,False,2026-07-21T03:33:54.276063+00:00,False,1410.0,1410.0,1410.0,48.0,0,
1,796438566c67,1,2048,2048,2048,13353,229402793213952,bf16,streamed,zeros,zeros,,292.496,1.4396857570391148,203.16655809775656,nvml_energy_counter,1.2750324261623278e-12,NVIDIA A100-SXM4-80GB,GPU-7657e9bf-9b75-a6b8-af6b-966114659e91,595.84,13020,2.5.1+cu124,True,1410,1593,500.0,46.0,False,0,False,2026-07-21T03:33:54.276063+00:00,False,1410.0,1410.0,1410.0,47.0,0,
1,796438566c67,2,2048,2048,2048,13353,229402793213952,bf16,streamed,zeros,zeros,,312.835,1.439858703990467,217.2678465831403,nvml_energy_counter,1.3636930728573784e-12,NVIDIA A100-SXM4-80GB,GPU-7657e9bf-9b75-a6b8-af6b-966114659e91,595.84,13020,2.5.1+cu124,True,1410,1593,500.0,46.0,False,0,False,2026-07-21T03:33:54.276063+00:00,True,1410.0,1410.0,1410.0,47.0,0,
1,796438566c67,3,2048,2048,2048,13353,229402793213952,bf16,streamed,zeros,zeros,,292.109,1.4396019089617766,202.90956700013368,nvml_energy_counter,1.2733454371131618e-12,NVIDIA A100-SXM4-80GB,GPU-7657e9bf-9b75-a6b8-af6b-966114659e91,595.84,13020,2.5.1+cu124,True,1410,1593,500.0,46.0,False,0,False,2026-07-21T03:33:54.276063+00:00,False,1410.0,1410.0,1410.0,47.0,0,
1,796438566c67,4,2048,2048,2048,13353,229402793213952,bf16,streamed,zeros,zeros,,312.284,1.4398181469878182,216.89127939755167,nvml_energy_counter,1.3612911840561113e-12,NVIDIA A100-SXM4-80GB,GPU-7657e9bf-9b75-a6b8-af6b-966114659e91,595.84,13020,2.5.1+cu124,True,1410,1593,500.0,46.0,False,0,False,2026-07-21T03:33:54.276063+00:00,False,1410.0,1410.0,1410.0,47.0,0,
1,796438566c67,0,2048,2048,2048,13328,228973296484352,bf16,streamed,declared_typical,declared_typical,,587.387,1.4327868680120446,409.9611834208004,nvml_energy_counter,2.5653078722223046e-12,NVIDIA A100-SXM4-80GB,GPU-7657e9bf-9b75-a6b8-af6b-966114659e91,595.84,13020,2.5.1+cu124,True,1410,1593,500.0,59.0,False,0,False,2026-07-21T03:34:05.795983+00:00,True,1410.0,1410.0,1410.0,58.0,0,
1,796438566c67,1,2048,2048,2048,13328,228973296484352,bf16,streamed,declared_typical,declared_typical,,547.867,1.4327917369664647,382.3772749834215,nvml_energy_counter,2.392711326656561e-12,NVIDIA A100-SXM4-80GB,GPU-7657e9bf-9b75-a6b8-af6b-966114659e91,595.84,13020,2.5.1+cu124,True,1410,1593,500.0,59.0,False,0,False,2026-07-21T03:34:05.795983+00:00,False,1410.0,1410.0,1410.0,58.0,0,
1,796438566c67,2,2048,2048,2048,13328,228973296484352,bf16,streamed,declared_typical,declared_typical,,548.996,1.4327655980014242,383.17223750053654,nvml_energy_counter,2.397642032626797e-12,NVIDIA A100-SXM4-80GB,GPU-7657e9bf-9b75-a6b8-af6b-966114659e91,595.84,13020,2.5.1+cu124,True,1410,1593,500.0,59.0,False,0,False,2026-07-21T03:34:05.795983+00:00,False,1410.0,1410.0,1410.0,59.0,0,
1,796438566c67,3,2048,2048,2048,13328,228973296484352,bf16,streamed,declared_typical,declared_typical,,549.609,1.4327684830059297,383.59930897344105,nvml_energy_counter,2.400319200704525e-12,NVIDIA A100-SXM4-80GB,GPU-7657e9bf-9b75-a6b8-af6b-966114659e91,595.84,13020,2.5.1+cu124,True,1410,1593,500.0,59.0,False,0,False,2026-07-21T03:34:05.795983+00:00,False,1410.0,1410.0,1410.0,59.0,0,
1,796438566c67,4,2048,2048,2048,13328,228973296484352,bf16,streamed,declared_typical,declared_typical,,550.279,1.4327750859665684,384.065165139841,nvml_energy_counter,2.403245306107588e-12,NVIDIA A100-SXM4-80GB,GPU-7657e9bf-9b75-a6b8-af6b-966114659e91,595.84,13020,2.5.1+cu124,True,1410,1593,500.0,59.0,False,0,False,2026-07-21T03:34:05.795983+00:00,False,1410.0,1410.0,1410.0,59.0,0,
1,796438566c67,0,2048,2048,2048,1523,26164940767232,fp32,resident,declared_typical,declared_typical,,492.505,1.4813002910232171,332.481538675591,nvml_energy_counter,1.882308866591416e-11,NVIDIA A100-SXM4-80GB,GPU-7657e9bf-9b75-a6b8-af6b-966114659e91,595.84,13020,2.5.1+cu124,True,1410,1593,500.0,59.0,False,0,False,2026-07-21T03:34:17.713907+00:00,False,1410.0,1410.0,1410.0,59.0,0,
1,796438566c67,1,2048,2048,2048,1523,26164940767232,fp32,resident,declared_typical,declared_typical,,526.824,1.4813017140259035,355.6493555713171,nvml_energy_counter,2.013472931915729e-11,NVIDIA A100-SXM4-80GB,GPU-7657e9bf-9b75-a6b8-af6b-966114659e91,595.84,13020,2.5.1+cu124,True,1410,1593,500.0,59.0,False,0,False,2026-07-21T03:34:17.713907+00:00,False,1410.0,1410.0,1410.0,59.0,0,
1,796438566c67,2,2048,2048,2048,1523,26164940767232,fp32,resident,declared_typical,declared_typical,,527.128,1.4813682599924505,355.83859478850076,nvml_energy_counter,2.0146347919891168e-11,NVIDIA A100-SXM4-80GB,GPU-7657e9bf-9b75-a6b8-af6b-966114659e91,595.84,13020,2.5.1+cu124,True,1410,1593,500.0,59.0,False,0,False,2026-07-21T03:34:17.713907+00:00,True,1410.0,1410.0,1410.0,59.0,0,
1,796438566c67,3,2048,2048,2048,1523,26164940767232,fp32,resident,declared_typical,declared_typical,,526.727,1.4813583710347302,355.5702727302109,nvml_energy_counter,2.013102206826523e-11,NVIDIA A100-SXM4-80GB,GPU-7657e9bf-9b75-a6b8-af6b-966114659e91,595.84,13020,2.5.1+cu124,True,1410,1593,500.0,59.0,False,0,False,2026-07-21T03:34:17.713907+00:00,False,1410.0,1410.0,1410.0,59.0,0,
1,796438566c67,4,2048,2048,2048,1523,26164940767232,fp32,resident,declared_typical,declared_typical,,527.082,1.48136389098363,355.8085918038788,nvml_energy_counter,2.014458984214854e-11,NVIDIA A100-SXM4-80GB,GPU-7657e9bf-9b75-a6b8-af6b-966114659e91,595.84,13020,2.5.1+cu124,True,1410,1593,500.0,59.0,False,0,False,2026-07-21T03:34:17.713907+00:00,False,1410.0,1410.0,1410.0,59.0,0,
0,796438566c67,0,2048,2048,2048,19381,332963044655104,fp16,streamed,reference_drift,reference_drift,,753.006,1.4308446639915928,526.2667702162423,nvml_energy_counter,2.261530257149086e-12,NVIDIA A100-SXM4-80GB,GPU-7657e9bf-9b75-a6b8-af6b-966114659e91,595.84,13020,2.5.1+cu124,True,1335,1593,500.0,69.0,False,4,False,2026-07-21T03:34:29.225429+00:00,True,1335.0,1320.0,1380.0,68.0,4,
0,796438566c67,1,2048,2048,2048,19381,332963044655104,fp16,streamed,reference_drift,reference_drift,,700.209,1.4332410960341804,488.5493459108161,nvml_energy_counter,2.1029631102914245e-12,NVIDIA A100-SXM4-80GB,GPU-7657e9bf-9b75-a6b8-af6b-966114659e91,595.84,13020,2.5.1+cu124,True,1335,1593,500.0,69.0,False,4,False,2026-07-21T03:34:29.225429+00:00,False,1335.0,1305.0,1335.0,68.0,4,
0,796438566c67,2,2048,2048,2048,19381,332963044655104,fp16,streamed,reference_drift,reference_drift,,701.715,1.4334179410361685,489.5397077929375,nvml_energy_counter,2.107486134765687e-12,NVIDIA A100-SXM4-80GB,GPU-7657e9bf-9b75-a6b8-af6b-966114659e91,595.84,13020,2.5.1+cu124,True,1335,1593,500.0,69.0,False,4,False,2026-07-21T03:34:29.225429+00:00,False,1335.0,1320.0,1335.0,69.0,4,
0,796438566c67,3,2048,2048,2048,19381,332963044655104,fp16,streamed,reference_drift,reference_drift,,752.21,1.433002635021694,524.9187835503265,nvml_energy_counter,2.2591396014508705e-12,NVIDIA A100-SXM4-80GB,GPU-7657e9bf-9b75-a6b8-af6b-966114659e91,595.84,13020,2.5.1+cu124,True,1335,1593,500.0,69.0,False,4,False,2026-07-21T03:34:29.225429+00:00,False,1335.0,1320.0,1365.0,69.0,4,
0,796438566c67,4,2048,2048,2048,19381,332963044655104,fp16,streamed,reference_drift,reference_drift,,702.797,1.4328310210257769,490.49538269827605,nvml_energy_counter,2.11073574464693e-12,NVIDIA A100-SXM4-80GB,GPU-7657e9bf-9b75-a6b8-af6b-966114659e91,595.84,13020,2.5.1+cu124,True,1335,1593,500.0,69.0,False,4,False,2026-07-21T03:34:29.225429+00:00,False,1335.0,1320.0,1335.0,69.0,4,
1,796438566c67,0,2048,2048,2048,1453,24962349924352,fp32,streamed,sparse_struct,sparse_struct,,425.476,1.4138787029660307,300.9282190243319,nvml_energy_counter,1.704470938390809e-11,NVIDIA A100-SXM4-80GB,GPU-7657e9bf-9b75-a6b8-af6b-966114659e91,595.84,13020,2.5.1+cu124,True,1410,1593,500.0,58.0,False,0,False,2026-07-21T03:34:40.635660+00:00,True,1410.0,1410.0,1410.0,59.0,0,
1,796438566c67,1,2048,2048,2048,1453,24962349924352,fp32,streamed,sparse_struct,sparse_struct,,423.775,1.4137324070325121,299.7561616979006,nvml_energy_counter,1.6976566760911665e-11,NVIDIA A100-SXM4-80GB,GPU-7657e9bf-9b75-a6b8-af6b-966114659e91,595.84,13020,2.5.1+cu124,True,1410,1593,500.0,58.0,False,0,False,2026-07-21T03:34:40.635660+00:00,False,1410.0,1410.0,1410.0,59.0,0,
1,796438566c67,2,2048,2048,2048,1453,24962349924352,fp32,streamed,sparse_struct,sparse_struct,,423.616,1.4135205559432507,299.6886024889242,nvml_energy_counter,1.6970197168285897e-11,NVIDIA A100-SXM4-80GB,GPU-7657e9bf-9b75-a6b8-af6b-966114659e91,595.84,13020,2.5.1+cu124,True,1410,1593,500.0,58.0,False,0,False,2026-07-21T03:34:40.635660+00:00,False,1410.0,1410.0,1410.0,59.0,0,
1,796438566c67,3,2048,2048,2048,1453,24962349924352,fp32,streamed,sparse_struct,sparse_struct,,422.721,1.413671464950312,299.02350756924835,nvml_energy_counter,1.693434317205909e-11,NVIDIA A100-SXM4-80GB,GPU-7657e9bf-9b75-a6b8-af6b-966114659e91,595.84,13020,2.5.1+cu124,True,1410,1593,500.0,58.0,False,0,False,2026-07-21T03:34:40.635660+00:00,False,1410.0,1410.0,1410.0,58.0,0,
1,796438566c67,4,2048,2048,2048,1453,24962349924352,fp32,streamed,sparse_struct,sparse_struct,,422.526,1.413559662993066,298.9092084768074,nvml_energy_counter,1.6926531407518052e-11,NVIDIA A100-SXM4-80GB,GPU-7657e9bf-9b75-a6b8-af6b-966114659e91,595.84,13020,2.5.1+cu124,True,1410,1593,500.0,58.0,False,0,False,2026-07-21T03:34:40.635660+00:00,False,1410.0,1410.0,1410.0,58.0,0,
1,796438566c67,0,2048,2048,2048,23929,411097089703936,int8,resident,low_entropy,low_entropy,,415.936,1.3448315749992616,309.2848262431884,nvml_energy_counter,1.0117707237955609e-12,NVIDIA A100-SXM4-80GB,GPU-7657e9bf-9b75-a6b8-af6b-966114659e91,595.84,13020,2.5.1+cu124,True,1410,1593,500.0,56.0,False,0,False,2026-07-21T03:34:51.687794+00:00,True,1410.0,1410.0,1410.0,56.0,0,
1,796438566c67,1,2048,2048,2048,23929,411097089703936,int8,resident,low_entropy,low_entropy,,385.459,1.3447974100126885,286.62979057668105,nvml_energy_counter,9.376349520683786e-13,NVIDIA A100-SXM4-80GB,GPU-7657e9bf-9b75-a6b8-af6b-966114659e91,595.84,13020,2.5.1+cu124,True,1410,1593,500.0,56.0,False,0,False,2026-07-21T03:34:51.687794+00:00,False,1410.0,1410.0,1410.0,56.0,0,
1,796438566c67,2,2048,2048,2048,23929,411097089703936,int8,resident,low_entropy,low_entropy,,384.635,1.3450797040131874,285.9570320274708,nvml_energy_counter,9.356305593819857e-13,NVIDIA A100-SXM4-80GB,GPU-7657e9bf-9b75-a6b8-af6b-966114659e91,595.84,13020,2.5.1+cu124,True,1410,1593,500.0,56.0,False,0,False,2026-07-21T03:34:51.687794+00:00,False,1410.0,1410.0,1410.0,56.0,0,
1,796438566c67,3,2048,2048,2048,23929,411097089703936,int8,resident,low_entropy,low_entropy,,414.09,1.3450595759786665,307.8599694728821,nvml_energy_counter,1.0072803003743456e-12,NVIDIA A100-SXM4-80GB,GPU-7657e9bf-9b75-a6b8-af6b-966114659e91,595.84,13020,2.5.1+cu124,True,1410,1593,500.0,56.0,False,0,False,2026-07-21T03:34:51.687794+00:00,False,1410.0,1410.0,1410.0,56.0,0,
1,796438566c67,4,2048,2048,2048,23929,411097089703936,int8,resident,low_entropy,low_entropy,,382.831,1.3457984530250542,284.46384311074326,nvml_energy_counter,9.31242301607407e-13,NVIDIA A100-SXM4-80GB,GPU-7657e9bf-9b75-a6b8-af6b-966114659e91,595.84,13020,2.5.1+cu124,True,1410,1593,500.0,56.0,False,0,False,2026-07-21T03:34:51.687794+00:00,False,1410.0,1410.0,1410.0,56.0,0,
1,796438566c67,0,2048,2048,2048,25120,431558313902080,int8,streamed,sparse_struct,sparse_struct,,553.311,1.4131472239969298,391.54519119035695,nvml_energy_counter,1.2821233705291228e-12,NVIDIA A100-SXM4-80GB,GPU-7657e9bf-9b75-a6b8-af6b-966114659e91,595.84,13020,2.5.1+cu124,True,1410,1593,500.0,62.0,False,0,False,2026-07-21T03:35:03.038912+00:00,False,1410.0,1410.0,1410.0,61.0,0,
1,796438566c67,1,2048,2048,2048,25120,431558313902080,int8,streamed,sparse_struct,sparse_struct,,552.695,1.4129787950078025,391.15590549039206,nvml_energy_counter,1.280695985213729e-12,NVIDIA A100-SXM4-80GB,GPU-7657e9bf-9b75-a6b8-af6b-966114659e91,595.84,13020,2.5.1+cu124,True,1410,1593,500.0,62.0,False,0,False,2026-07-21T03:35:03.038912+00:00,False,1410.0,1410.0,1410.0,61.0,0,
1,796438566c67,2,2048,2048,2048,25120,431558313902080,int8,streamed,sparse_struct,sparse_struct,,553.95,1.4129689969704486,392.0468185697818,nvml_energy_counter,1.2836040510754487e-12,NVIDIA A100-SXM4-80GB,GPU-7657e9bf-9b75-a6b8-af6b-966114659e91,595.84,13020,2.5.1+cu124,True,1410,1593,500.0,62.0,False,0,False,2026-07-21T03:35:03.038912+00:00,False,1410.0,1410.0,1410.0,61.0,0,
1,796438566c67,3,2048,2048,2048,25120,431558313902080,int8,streamed,sparse_struct,sparse_struct,,554.661,1.4130536160082556,392.5265069324584,nvml_energy_counter,1.2852515688664308e-12,NVIDIA A100-SXM4-80GB,GPU-7657e9bf-9b75-a6b8-af6b-966114659e91,595.84,13020,2.5.1+cu124,True,1410,1593,500.0,62.0,False,0,False,2026-07-21T03:35:03.038912+00:00,True,1410.0,1410.0,1410.0,61.0,0,
1,796438566c67,4,2048,2048,2048,25120,431558313902080,int8,streamed,sparse_struct,sparse_struct,,553.588,1.412967334035784,391.7910815523355,nvml_energy_counter,1.2827652304842592e-12,NVIDIA A100-SXM4-80GB,GPU-7657e9bf-9b75-a6b8-af6b-966114659e91,595.84,13020,2.5.1+cu124,True,1410,1593,500.0,62.0,False,0,False,2026-07-21T03:35:03.038912+00:00,False,1410.0,1410.0,1410.0,62.0,0,
1,796438566c67,0,2048,2048,2048,25036,430115204890624,int8,streamed,adversarial_toggle,adversarial_toggle,,608.402,1.4104897000361234,431.34097326936774,nvml_energy_counter,1.4145093990683576e-12,NVIDIA A100-SXM4-80GB,GPU-7657e9bf-9b75-a6b8-af6b-966114659e91,595.84,13020,2.5.1+cu124,True,1410,1593,500.0,65.0,False,0,False,2026-07-21T03:35:14.373581+00:00,False,1410.0,1410.0,1410.0,65.0,0,
1,796438566c67,1,2048,2048,2048,25036,430115204890624,int8,streamed,adversarial_toggle,adversarial_toggle,,609.191,1.4104923349805176,431.8995466277486,nvml_energy_counter,1.4163437913219413e-12,NVIDIA A100-SXM4-80GB,GPU-7657e9bf-9b75-a6b8-af6b-966114659e91,595.84,13020,2.5.1+cu124,True,1410,1593,500.0,65.0,False,0,False,2026-07-21T03:35:14.373581+00:00,False,1410.0,1410.0,1410.0,65.0,0,
1,796438566c67,2,2048,2048,2048,25036,430115204890624,int8,streamed,adversarial_toggle,adversarial_toggle,,608.586,1.410680641012732,431.4130231227206,nvml_energy_counter,1.4149371914316775e-12,NVIDIA A100-SXM4-80GB,GPU-7657e9bf-9b75-a6b8-af6b-966114659e91,595.84,13020,2.5.1+cu124,True,1410,1593,500.0,65.0,False,0,False,2026-07-21T03:35:14.373581+00:00,False,1410.0,1410.0,1410.0,65.0,0,
1,796438566c67,3,2048,2048,2048,25036,430115204890624,int8,streamed,adversarial_toggle,adversarial_toggle,,609.426,1.4106895080185495,432.00576493689107,nvml_energy_counter,1.416890156568573e-12,NVIDIA A100-SXM4-80GB,GPU-7657e9bf-9b75-a6b8-af6b-966114659e91,595.84,13020,2.5.1+cu124,True,1410,1593,500.0,65.0,False,0,False,2026-07-21T03:35:14.373581+00:00,True,1410.0,1410.0,1410.0,65.0,0,
1,796438566c67,4,2048,2048,2048,25036,430115204890624,int8,streamed,adversarial_toggle,adversarial_toggle,,608.771,1.4107567750033922,431.52087644486846,nvml_energy_counter,1.4153673087534935e-12,NVIDIA A100-SXM4-80GB,GPU-7657e9bf-9b75-a6b8-af6b-966114659e91,595.84,13020,2.5.1+cu124,True,1410,1593,500.0,65.0,False,0,False,2026-07-21T03:35:14.373581+00:00,False,1410.0,1410.0,1410.0,65.0,0,
1,796438566c67,0,2048,2048,2048,8632,148296630796288,tf32,streamed,declared_typical,declared_typical,,751.989,1.4923916509724222,503.8818057646022,nvml_energy_counter,5.070843457212401e-12,NVIDIA A100-SXM4-80GB,GPU-7657e9bf-9b75-a6b8-af6b-966114659e91,595.84,13020,2.5.1+cu124,True,1380,1593,500.0,70.0,False,4,False,2026-07-21T03:35:26.349629+00:00,False,1365.0,1365.0,1380.0,69.0,4,
1,796438566c67,1,2048,2048,2048,8632,148296630796288,tf32,streamed,declared_typical,declared_typical,,751.031,1.4913916429504752,503.5773155562328,nvml_energy_counter,5.0643834318237185e-12,NVIDIA A100-SXM4-80GB,GPU-7657e9bf-9b75-a6b8-af6b-966114659e91,595.84,13020,2.5.1+cu124,True,1380,1593,500.0,70.0,False,4,False,2026-07-21T03:35:26.349629+00:00,False,1365.0,1350.0,1380.0,69.0,4,
1,796438566c67,2,2048,2048,2048,8632,148296630796288,tf32,streamed,declared_typical,declared_typical,,752.665,1.492892362002749,504.16561780132815,nvml_energy_counter,5.075401888488756e-12,NVIDIA A100-SXM4-80GB,GPU-7657e9bf-9b75-a6b8-af6b-966114659e91,595.84,13020,2.5.1+cu124,True,1380,1593,500.0,70.0,False,4,False,2026-07-21T03:35:26.349629+00:00,True,1380.0,1350.0,1380.0,70.0,4,
1,796438566c67,3,2048,2048,2048,8632,148296630796288,tf32,streamed,declared_typical,declared_typical,,750.25,1.4922024259576574,502.7803111354069,nvml_energy_counter,5.0591169601863906e-12,NVIDIA A100-SXM4-80GB,GPU-7657e9bf-9b75-a6b8-af6b-966114659e91,595.84,13020,2.5.1+cu124,True,1380,1593,500.0,70.0,False,4,False,2026-07-21T03:35:26.349629+00:00,False,1380.0,1350.0,1380.0,70.0,4,
1,796438566c67,4,2048,2048,2048,8632,148296630796288,tf32,streamed,declared_typical,declared_typical,,750.313,1.4934060130035505,502.4172887123739,nvml_energy_counter,5.0595417844029735e-12,NVIDIA A100-SXM4-80GB,GPU-7657e9bf-9b75-a6b8-af6b-966114659e91,595.84,13020,2.5.1+cu124,True,1380,1593,500.0,70.0,False,4,False,2026-07-21T03:35:26.349629+00:00,False,1365.0,1365.0,1380.0,70.0,4,
1,796438566c67,0,2048,2048,2048,19731,338975998869504,fp16,resident,dense_random,dense_random,,751.573,1.4536505690193735,517.0245284649171,nvml_energy_counter,2.2171864748729124e-12,NVIDIA A100-SXM4-80GB,GPU-7657e9bf-9b75-a6b8-af6b-966114659e91,595.84,13020,2.5.1+cu124,True,1335,1593,500.0,72.0,False,4,False,2026-07-21T03:35:38.035757+00:00,False,1335.0,1335.0,1365.0,72.0,4,
1,796438566c67,1,2048,2048,2048,19731,338975998869504,fp16,resident,dense_random,dense_random,,701.635,1.4539609659695998,482.56797563482195,nvml_energy_counter,2.0698663101221783e-12,NVIDIA A100-SXM4-80GB,GPU-7657e9bf-9b75-a6b8-af6b-966114659e91,595.84,13020,2.5.1+cu124,True,1335,1593,500.0,72.0,False,4,False,2026-07-21T03:35:38.035757+00:00,False,1335.0,1335.0,1350.0,72.0,4,
1,796438566c67,2,2048,2048,2048,19731,338975998869504,fp16,resident,dense_random,dense_random,,751.904,1.4537431849748828,517.219277635335,nvml_energy_counter,2.2181629451867515e-12,NVIDIA A100-SXM4-80GB,GPU-7657e9bf-9b75-a6b8-af6b-966114659e91,595.84,13020,2.5.1+cu124,True,1335,1593,500.0,72.0,False,4,False,2026-07-21T03:35:38.035757+00:00,True,1335.0,1320.0,1365.0,72.0,4,
1,796438566c67,3,2048,2048,2048,19731,338975998869504,fp16,resident,dense_random,dense_random,,701.529,1.4545391200226732,482.30328792330084,nvml_energy_counter,2.0695536036168402e-12,NVIDIA A100-SXM4-80GB,GPU-7657e9bf-9b75-a6b8-af6b-966114659e91,595.84,13020,2.5.1+cu124,True,1335,1593,500.0,72.0,False,4,False,2026-07-21T03:35:38.035757+00:00,False,1335.0,1335.0,1350.0,72.0,4,
1,796438566c67,4,2048,2048,2048,19731,338975998869504,fp16,resident,dense_random,dense_random,,748.509,1.4541276620002463,514.747789730083,nvml_energy_counter,2.2081474868318168e-12,NVIDIA A100-SXM4-80GB,GPU-7657e9bf-9b75-a6b8-af6b-966114659e91,595.84,13020,2.5.1+cu124,True,1335,1593,500.0,72.0,False,4,False,2026-07-21T03:35:38.035757+00:00,False,1335.0,1320.0,1350.0,72.0,4,
1,796438566c67,0,2048,2048,2048,19203,329905027940352,fp16,resident,adversarial_toggle,adversarial_toggle,,750.751,1.4177645620075054,529.5315034091151,nvml_energy_counter,2.275657951280871e-12,NVIDIA A100-SXM4-80GB,GPU-7657e9bf-9b75-a6b8-af6b-966114659e91,595.84,13020,2.5.1+cu124,True,1335,1593,500.0,72.0,False,4,False,2026-07-21T03:35:49.446599+00:00,True,1335.0,1335.0,1350.0,72.0,4,
1,796438566c67,1,2048,2048,2048,19203,329905027940352,fp16,resident,adversarial_toggle,adversarial_toggle,,699.499,1.4170656909700483,493.6249635125666,nvml_energy_counter,2.120304150461362e-12,NVIDIA A100-SXM4-80GB,GPU-7657e9bf-9b75-a6b8-af6b-966114659e91,595.84,13020,2.5.1+cu124,True,1335,1593,500.0,72.0,False,4,False,2026-07-21T03:35:49.446599+00:00,False,1335.0,1335.0,1380.0,72.0,4,
1,796438566c67,2,2048,2048,2048,19203,329905027940352,fp16,resident,adversarial_toggle,adversarial_toggle,,697.969,1.417955262993928,492.2362631711526,nvml_energy_counter,2.115666452122686e-12,NVIDIA A100-SXM4-80GB,GPU-7657e9bf-9b75-a6b8-af6b-966114659e91,595.84,13020,2.5.1+cu124,True,1335,1593,500.0,72.0,False,4,False,2026-07-21T03:35:49.446599+00:00,False,1335.0,1320.0,1335.0,72.0,4,
1,796438566c67,3,2048,2048,2048,19203,329905027940352,fp16,resident,adversarial_toggle,adversarial_toggle,,700.639,1.4179216289776377,494.1309771155553,nvml_energy_counter,2.123759690399984e-12,NVIDIA A100-SXM4-80GB,GPU-7657e9bf-9b75-a6b8-af6b-966114659e91,595.84,13020,2.5.1+cu124,True,1335,1593,500.0,72.0,False,4,False,2026-07-21T03:35:49.446599+00:00,False,1335.0,1320.0,1350.0,72.0,4,
1,796438566c67,4,2048,2048,2048,19203,329905027940352,fp16,resident,adversarial_toggle,adversarial_toggle,,698.636,1.4176534420112148,492.81155696899384,nvml_energy_counter,2.1176882461043176e-12,NVIDIA A100-SXM4-80GB,GPU-7657e9bf-9b75-a6b8-af6b-966114659e91,595.84,13020,2.5.1+cu124,True,1335,1593,500.0,72.0,False,4,False,2026-07-21T03:35:49.446599+00:00,False,1335.0,1320.0,1365.0,72.0,4,
1,796438566c67,0,2048,2048,2048,23907,410719132581888,int8,streamed,declared_typical,declared_typical,,672.828,1.3404639969812706,501.9366439644861,nvml_energy_counter,1.6381705808795101e-12,NVIDIA A100-SXM4-80GB,GPU-7657e9bf-9b75-a6b8-af6b-966114659e91,595.84,13020,2.5.1+cu124,True,1410,1593,500.0,69.0,False,0,False,2026-07-21T03:36:00.219028+00:00,True,1410.0,1410.0,1410.0,70.0,0,
1,796438566c67,1,2048,2048,2048,23907,410719132581888,int8,streamed,declared_typical,declared_typical,,623.773,1.3404831730294973,465.3344499582718,nvml_energy_counter,1.5187337294924628e-12,NVIDIA A100-SXM4-80GB,GPU-7657e9bf-9b75-a6b8-af6b-966114659e91,595.84,13020,2.5.1+cu124,True,1410,1593,500.0,69.0,False,0,False,2026-07-21T03:36:00.219028+00:00,False,1410.0,1410.0,1410.0,70.0,0,
1,796438566c67,2,2048,2048,2048,23907,410719132581888,int8,streamed,declared_typical,declared_typical,,671.363,1.34050476399716,500.8285073139975,nvml_energy_counter,1.6346036664511742e-12,NVIDIA A100-SXM4-80GB,GPU-7657e9bf-9b75-a6b8-af6b-966114659e91,595.84,13020,2.5.1+cu124,True,1410,1593,500.0,69.0,False,0,False,2026-07-21T03:36:00.219028+00:00,False,1410.0,1410.0,1410.0,69.0,0,
1,796438566c67,3,2048,2048,2048,23907,410719132581888,int8,streamed,declared_typical,declared_typical,,623.839,1.3405193510116078,465.3711261454204,nvml_energy_counter,1.5188944232482786e-12,NVIDIA A100-SXM4-80GB,GPU-7657e9bf-9b75-a6b8-af6b-966114659e91,595.84,13020,2.5.1+cu124,True,1410,1593,500.0,69.0,False,0,False,2026-07-21T03:36:00.219028+00:00,False,1410.0,1410.0,1410.0,69.0,0,
1,796438566c67,4,2048,2048,2048,23907,410719132581888,int8,streamed,declared_typical,declared_typical,,671.806,1.34041712799808,501.19174544072393,nvml_energy_counter,1.635682262418241e-12,NVIDIA A100-SXM4-80GB,GPU-7657e9bf-9b75-a6b8-af6b-966114659e91,595.84,13020,2.5.1+cu124,True,1410,1593,500.0,69.0,False,0,False,2026-07-21T03:36:00.219028+00:00,False,1410.0,1410.0,1410.0,69.0,0,
0,796438566c67,0,2048,2048,2048,19513,335230787387392,fp16,streamed,reference_drift,reference_drift,,702.49,1.449237152992282,484.7308796559269,nvml_energy_counter,2.0955414193154163e-12,NVIDIA A100-SXM4-80GB,GPU-7657e9bf-9b75-a6b8-af6b-966114659e91,595.84,13020,2.5.1+cu124,True,1320,1593,500.0,71.0,False,4,False,2026-07-21T03:36:11.863854+00:00,False,1320.0,1320.0,1335.0,72.0,4,
0,796438566c67,1,2048,2048,2048,19513,335230787387392,fp16,streamed,reference_drift,reference_drift,,751.76,1.4479104139609262,519.2033932151048,nvml_energy_counter,2.2425147936405606e-12,NVIDIA A100-SXM4-80GB,GPU-7657e9bf-9b75-a6b8-af6b-966114659e91,595.84,13020,2.5.1+cu124,True,1320,1593,500.0,71.0,False,4,False,2026-07-21T03:36:11.863854+00:00,False,1335.0,1305.0,1380.0,72.0,4,
0,796438566c67,2,2048,2048,2048,19513,335230787387392,fp16,streamed,reference_drift,reference_drift,,700.356,1.4487982030259445,483.4047961525932,nvml_energy_counter,2.089175655548218e-12,NVIDIA A100-SXM4-80GB,GPU-7657e9bf-9b75-a6b8-af6b-966114659e91,595.84,13020,2.5.1+cu124,True,1320,1593,500.0,71.0,False,4,False,2026-07-21T03:36:11.863854+00:00,False,1335.0,1320.0,1335.0,72.0,4,
0,796438566c67,3,2048,2048,2048,19513,335230787387392,fp16,streamed,reference_drift,reference_drift,,752.617,1.4470946000074036,520.0883204153685,nvml_energy_counter,2.2450712414139854e-12,NVIDIA A100-SXM4-80GB,GPU-7657e9bf-9b75-a6b8-af6b-966114659e91,595.84,13020,2.5.1+cu124,True,1320,1593,500.0,71.0,False,4,False,2026-07-21T03:36:11.863854+00:00,True,1335.0,1305.0,1365.0,72.0,4,
0,796438566c67,4,2048,2048,2048,19513,335230787387392,fp16,streamed,reference_drift,reference_drift,,700.575,1.4492091099964455,483.41884905879346,nvml_energy_counter,2.089828936834543e-12,NVIDIA A100-SXM4-80GB,GPU-7657e9bf-9b75-a6b8-af6b-966114659e91,595.84,13020,2.5.1+cu124,True,1320,1593,500.0,71.0,False,4,False,2026-07-21T03:36:11.863854+00:00,False,1335.0,1320.0,1335.0,72.0,4,
1,796438566c67,0,2048,2048,2048,1485,25512105738240,fp32,resident,zeros,zeros,,338.408,1.445228500990197,234.15536004731436,nvml_energy_counter,1.3264604790844902e-11,NVIDIA A100-SXM4-80GB,GPU-7657e9bf-9b75-a6b8-af6b-966114659e91,595.84,13020,2.5.1+cu124,True,1410,1593,500.0,52.0,False,0,False,2026-07-21T03:36:23.483877+00:00,True,1410.0,1410.0,1410.0,56.0,0,
1,796438566c67,1,2048,2048,2048,1485,25512105738240,fp32,resident,zeros,zeros,,314.467,1.4452789060305804,217.58222491717888,nvml_energy_counter,1.2326187545101248e-11,NVIDIA A100-SXM4-80GB,GPU-7657e9bf-9b75-a6b8-af6b-966114659e91,595.84,13020,2.5.1+cu124,True,1410,1593,500.0,52.0,False,0,False,2026-07-21T03:36:23.483877+00:00,False,1410.0,1410.0,1410.0,55.0,0,
1,796438566c67,2,2048,2048,2048,1485,25512105738240,fp32,resident,zeros,zeros,,335.659,1.4452875419519842,232.2437509885845,nvml_energy_counter,1.3156852023268389e-11,NVIDIA A100-SXM4-80GB,GPU-7657e9bf-9b75-a6b8-af6b-966114659e91,595.84,13020,2.5.1+cu124,True,1410,1593,500.0,52.0,False,0,False,2026-07-21T03:36:23.483877+00:00,False,1410.0,1410.0,1410.0,54.0,0,
1,796438566c67,3,2048,2048,2048,1485,25512105738240,fp32,resident,zeros,zeros,,312.463,1.4452220289967954,216.20414976437704,nvml_energy_counter,1.2247636600676612e-11,NVIDIA A100-SXM4-80GB,GPU-7657e9bf-9b75-a6b8-af6b-966114659e91,595.84,13020,2.5.1+cu124,True,1410,1593,500.0,52.0,False,0,False,2026-07-21T03:36:23.483877+00:00,False,1410.0,1410.0,1410.0,53.0,0,
1,796438566c67,4,2048,2048,2048,1485,25512105738240,fp32,resident,zeros,zeros,,334.418,1.4452981330105104,231.3834027470982,nvml_energy_counter,1.3108208449400635e-11,NVIDIA A100-SXM4-80GB,GPU-7657e9bf-9b75-a6b8-af6b-966114659e91,595.84,13020,2.5.1+cu124,True,1410,1593,500.0,52.0,False,0,False,2026-07-21T03:36:23.483877+00:00,False,1410.0,1410.0,1410.0,53.0,0,
1,796438566c67,0,2048,2048,2048,1533,26336739459072,fp32,resident,sparse_struct,sparse_struct,,450.927,1.490968759986572,302.4389323918908,nvml_energy_counter,1.7121595507323626e-11,NVIDIA A100-SXM4-80GB,GPU-7657e9bf-9b75-a6b8-af6b-966114659e91,595.84,13020,2.5.1+cu124,True,1410,1593,500.0,56.0,False,0,False,2026-07-21T03:36:35.471053+00:00,True,1410.0,1410.0,1410.0,56.0,0,
1,796438566c67,1,2048,2048,2048,1533,26336739459072,fp32,resident,sparse_struct,sparse_struct,,449.251,1.4911225010291673,301.2837642044356,nvml_energy_counter,1.7057958168973348e-11,NVIDIA A100-SXM4-80GB,GPU-7657e9bf-9b75-a6b8-af6b-966114659e91,595.84,13020,2.5.1+cu124,True,1410,1593,500.0,56.0,False,0,False,2026-07-21T03:36:35.471053+00:00,False,1410.0,1410.0,1410.0,56.0,0,
1,796438566c67,2,2048,2048,2048,1533,26336739459072,fp32,resident,sparse_struct,sparse_struct,,449.913,1.4909822749905288,301.75610236738595,nvml_energy_counter,1.7083094158226264e-11,NVIDIA A100-SXM4-80GB,GPU-7657e9bf-9b75-a6b8-af6b-966114659e91,595.84,13020,2.5.1+cu124,True,1410,1593,500.0,56.0,False,0,False,2026-07-21T03:36:35.471053+00:00,False,1410.0,1410.0,1410.0,56.0,0,
1,796438566c67,3,2048,2048,2048,1533,26336739459072,fp32,resident,sparse_struct,sparse_struct,,449.885,1.4909263500012457,301.7486410375832,nvml_energy_counter,1.708203100460227e-11,NVIDIA A100-SXM4-80GB,GPU-7657e9bf-9b75-a6b8-af6b-966114659e91,595.84,13020,2.5.1+cu124,True,1410,1593,500.0,56.0,False,0,False,2026-07-21T03:36:35.471053+00:00,False,1410.0,1410.0,1410.0,56.0,0,
1,796438566c67,4,2048,2048,2048,1533,26336739459072,fp32,resident,sparse_struct,sparse_struct,,449.77,1.4909522290108725,301.66627156014675,nvml_energy_counter,1.7077664480789454e-11,NVIDIA A100-SXM4-80GB,GPU-7657e9bf-9b75-a6b8-af6b-966114659e91,595.84,13020,2.5.1+cu124,True,1410,1593,500.0,56.0,False,0,False,2026-07-21T03:36:35.471053+00:00,False,1410.0,1410.0,1410.0,56.0,0,
1,796438566c67,0,2048,2048,2048,13510,232100032675840,bf16,resident,declared_typical,declared_typical,,532.511,1.4453028610441834,368.4425004287879,nvml_energy_counter,2.294316781694407e-12,NVIDIA A100-SXM4-80GB,GPU-7657e9bf-9b75-a6b8-af6b-966114659e91,595.84,13020,2.5.1+cu124,True,1410,1593,500.0,61.0,False,0,False,2026-07-21T03:36:47.080507+00:00,False,1410.0,1410.0,1410.0,61.0,0,
1,796438566c67,1,2048,2048,2048,13510,232100032675840,bf16,resident,declared_typical,declared_typical,,532.582,1.4453662210144103,368.4754716532774,nvml_energy_counter,2.2946226842795186e-12,NVIDIA A100-SXM4-80GB,GPU-7657e9bf-9b75-a6b8-af6b-966114659e91,595.84,13020,2.5.1+cu124,True,1410,1593,500.0,61.0,False,0,False,2026-07-21T03:36:47.080507+00:00,False,1410.0,1410.0,1410.0,61.0,0,
1,796438566c67,2,2048,2048,2048,13510,232100032675840,bf16,resident,declared_typical,declared_typical,,532.601,1.4456256720004603,368.4224832995567,nvml_energy_counter,2.2947045455346893e-12,NVIDIA A100-SXM4-80GB,GPU-7657e9bf-9b75-a6b8-af6b-966114659e91,595.84,13020,2.5.1+cu124,True,1410,1593,500.0,61.0,False,0,False,2026-07-21T03:36:47.080507+00:00,False,1410.0,1410.0,1410.0,61.0,0,
1,796438566c67,3,2048,2048,2048,13510,232100032675840,bf16,resident,declared_typical,declared_typical,,571.38,1.4451806300203316,395.3692625896609,nvml_energy_counter,2.4617833673380465e-12,NVIDIA A100-SXM4-80GB,GPU-7657e9bf-9b75-a6b8-af6b-966114659e91,595.84,13020,2.5.1+cu124,True,1410,1593,500.0,61.0,False,0,False,2026-07-21T03:36:47.080507+00:00,True,1410.0,1410.0,1410.0,61.0,0,
1,796438566c67,4,2048,2048,2048,13510,232100032675840,bf16,resident,declared_typical,declared_typical,,533.128,1.4451830399921164,368.8999837715424,nvml_energy_counter,2.2969751182438975e-12,NVIDIA A100-SXM4-80GB,GPU-7657e9bf-9b75-a6b8-af6b-966114659e91,595.84,13020,2.5.1+cu124,True,1410,1593,500.0,61.0,False,0,False,2026-07-21T03:36:47.080507+00:00,False,1410.0,1410.0,1410.0,61.0,0,
1,796438566c67,0,2048,2048,2048,13459,231223859347456,bf16,resident,low_entropy,low_entropy,,409.156,1.4445336409844458,283.2443554039775,nvml_energy_counter,1.7695232713210989e-12,NVIDIA A100-SXM4-80GB,GPU-7657e9bf-9b75-a6b8-af6b-966114659e91,595.84,13020,2.5.1+cu124,True,1410,1593,500.0,54.0,False,0,False,2026-07-21T03:36:58.685079+00:00,True,1410.0,1410.0,1410.0,55.0,0,
1,796438566c67,1,2048,2048,2048,13459,231223859347456,bf16,resident,low_entropy,low_entropy,,381.144,1.4446623750263825,263.8291178539481,nvml_energy_counter,1.6483766038489206e-12,NVIDIA A100-SXM4-80GB,GPU-7657e9bf-9b75-a6b8-af6b-966114659e91,595.84,13020,2.5.1+cu124,True,1410,1593,500.0,54.0,False,0,False,2026-07-21T03:36:58.685079+00:00,False,1410.0,1410.0,1410.0,55.0,0,
1,796438566c67,2,2048,2048,2048,13459,231223859347456,bf16,resident,low_entropy,low_entropy,,408.203,1.4446234610513784,282.56705709522055,nvml_energy_counter,1.765401724337628e-12,NVIDIA A100-SXM4-80GB,GPU-7657e9bf-9b75-a6b8-af6b-966114659e91,595.84,13020,2.5.1+cu124,True,1410,1593,500.0,54.0,False,0,False,2026-07-21T03:36:58.685079+00:00,False,1410.0,1410.0,1410.0,54.0,0,
1,796438566c67,3,2048,2048,2048,13459,231223859347456,bf16,resident,low_entropy,low_entropy,,381.113,1.444620255031623,263.8153512472088,nvml_energy_counter,1.6482425346395946e-12,NVIDIA A100-SXM4-80GB,GPU-7657e9bf-9b75-a6b8-af6b-966114659e91,595.84,13020,2.5.1+cu124,True,1410,1593,500.0,54.0,False,0,False,2026-07-21T03:36:58.685079+00:00,False,1410.0,1410.0,1410.0,54.0,0,
1,796438566c67,4,2048,2048,2048,13459,231223859347456,bf16,resident,low_entropy,low_entropy,,407.876,1.4446606719866395,282.3334281254471,nvml_energy_counter,1.7639875104198997e-12,NVIDIA A100-SXM4-80GB,GPU-7657e9bf-9b75-a6b8-af6b-966114659e91,595.84,13020,2.5.1+cu124,True,1410,1593,500.0,54.0,False,0,False,2026-07-21T03:36:58.685079+00:00,False,1410.0,1410.0,1410.0,54.0,0,
1,796438566c67,0,2048,2048,2048,8636,148365350273024,tf32,resident,low_entropy,low_entropy,,508.061,1.4474949529976584,350.99327907696124,nvml_energy_counter,3.4243912009445534e-12,NVIDIA A100-SXM4-80GB,GPU-7657e9bf-9b75-a6b8-af6b-966114659e91,595.84,13020,2.5.1+cu124,True,1410,1593,500.0,59.0,False,0,False,2026-07-21T03:37:10.310311+00:00,False,1410.0,1410.0,1410.0,59.0,0,
1,796438566c67,1,2048,2048,2048,8636,148365350273024,tf32,resident,low_entropy,low_entropy,,544.563,1.4467301370459609,376.4095224503503,nvml_energy_counter,3.6704189960653715e-12,NVIDIA A100-SXM4-80GB,GPU-7657e9bf-9b75-a6b8-af6b-966114659e91,595.84,13020,2.5.1+cu124,True,1410,1593,500.0,59.0,False,0,False,2026-07-21T03:37:10.310311+00:00,True,1410.0,1410.0,1410.0,59.0,0,
1,796438566c67,2,2048,2048,2048,8636,148365350273024,tf32,resident,low_entropy,low_entropy,,508.472,1.4471619329997338,351.35805358424494,nvml_energy_counter,3.427161389531334e-12,NVIDIA A100-SXM4-80GB,GPU-7657e9bf-9b75-a6b8-af6b-966114659e91,595.84,13020,2.5.1+cu124,True,1410,1593,500.0,59.0,False,0,False,2026-07-21T03:37:10.310311+00:00,False,1410.0,1410.0,1410.0,59.0,0,
1,796438566c67,3,2048,2048,2048,8636,148365350273024,tf32,resident,low_entropy,low_entropy,,543.257,1.4476014439715073,375.28078067507977,nvml_energy_counter,3.6616164016752615e-12,NVIDIA A100-SXM4-80GB,GPU-7657e9bf-9b75-a6b8-af6b-966114659e91,595.84,13020,2.5.1+cu124,True,1410,1593,500.0,59.0,False,0,False,2026-07-21T03:37:10.310311+00:00,False,1410.0,1410.0,1410.0,59.0,0,
1,796438566c67,4,2048,2048,2048,8636,148365350273024,tf32,resident,low_entropy,low_entropy,,506.29,1.4483482370269485,349.5637216635627,nvml_energy_counter,3.412454451583999e-12,NVIDIA A100-SXM4-80GB,GPU-7657e9bf-9b75-a6b8-af6b-966114659e91,595.84,13020,2.5.1+cu124,True,1410,1593,500.0,59.0,False,0,False,2026-07-21T03:37:10.310311+00:00,False,1410.0,1410.0,1410.0,59.0,0,
1,796438566c67,0,2048,2048,2048,8653,148657408049152,tf32,resident,dense_random,dense_random,,697.075,1.4864259919850156,468.96044859193177,nvml_energy_counter,4.689137320149693e-12,NVIDIA A100-SXM4-80GB,GPU-7657e9bf-9b75-a6b8-af6b-966114659e91,595.84,13020,2.5.1+cu124,True,1380,1593,500.0,70.0,False,4,False,2026-07-21T03:37:22.249480+00:00,False,1380.0,1380.0,1395.0,68.0,4,
1,796438566c67,1,2048,2048,2048,8653,148657408049152,tf32,resident,dense_random,dense_random,,748.091,1.4874410530319437,502.93824987223496,nvml_energy_counter,5.0323156431777124e-12,NVIDIA A100-SXM4-80GB,GPU-7657e9bf-9b75-a6b8-af6b-966114659e91,595.84,13020,2.5.1+cu124,True,1380,1593,500.0,70.0,False,4,False,2026-07-21T03:37:22.249480+00:00,False,1380.0,1365.0,1395.0,68.0,4,
1,796438566c67,2,2048,2048,2048,8653,148657408049152,tf32,resident,dense_random,dense_random,,749.921,1.487826741009485,504.0378555712619,nvml_energy_counter,5.0446258268679524e-12,NVIDIA A100-SXM4-80GB,GPU-7657e9bf-9b75-a6b8-af6b-966114659e91,595.84,13020,2.5.1+cu124,True,1380,1593,500.0,70.0,False,4,False,2026-07-21T03:37:22.249480+00:00,False,1380.0,1365.0,1395.0,69.0,4,
1,796438566c67,3,2048,2048,2048,8653,148657408049152,tf32,resident,dense_random,dense_random,,750.834,1.4881254769861698,504.550195270246,nvml_energy_counter,5.050767464960405e-12,NVIDIA A100-SXM4-80GB,GPU-7657e9bf-9b75-a6b8-af6b-966114659e91,595.84,13020,2.5.1+cu124,True,1380,1593,500.0,70.0,False,4,False,2026-07-21T03:37:22.249480+00:00,True,1380.0,1365.0,1395.0,69.0,4,
1,796438566c67,4,2048,2048,2048,8653,148657408049152,tf32,resident,dense_random,dense_random,,749.794,1.4886329969740473,503.6795513226635,nvml_energy_counter,5.043771513573602e-12,NVIDIA A100-SXM4-80GB,GPU-7657e9bf-9b75-a6b8-af6b-966114659e91,595.84,13020,2.5.1+cu124,True,1380,1593,500.0,70.0,False,4,False,2026-07-21T03:37:22.249480+00:00,False,1380.0,1365.0,1395.0,70.0,4,
1,796438566c67,0,2048,2048,2048,24567,422057846243328,int8,resident,dense_random,dense_random,,633.02,1.376540951023344,459.86281739704305,nvml_energy_counter,1.49984180044137e-12,NVIDIA A100-SXM4-80GB,GPU-7657e9bf-9b75-a6b8-af6b-966114659e91,595.84,13020,2.5.1+cu124,True,1410,1593,500.0,69.0,False,0,False,2026-07-21T03:37:33.314764+00:00,True,1410.0,1410.0,1410.0,68.0,0,
1,796438566c67,1,2048,2048,2048,24567,422057846243328,int8,resident,dense_random,dense_random,,631.634,1.376736901991535,458.7906368212419,nvml_energy_counter,1.496557890398383e-12,NVIDIA A100-SXM4-80GB,GPU-7657e9bf-9b75-a6b8-af6b-966114659e91,595.84,13020,2.5.1+cu124,True,1410,1593,500.0,69.0,False,0,False,2026-07-21T03:37:33.314764+00:00,False,1410.0,1410.0,1410.0,68.0,0,
1,796438566c67,2,2048,2048,2048,24567,422057846243328,int8,resident,dense_random,dense_random,,586.25,1.3767064239946194,425.8351597568279,nvml_energy_counter,1.3890276065665432e-12,NVIDIA A100-SXM4-80GB,GPU-7657e9bf-9b75-a6b8-af6b-966114659e91,595.84,13020,2.5.1+cu124,True,1410,1593,500.0,69.0,False,0,False,2026-07-21T03:37:33.314764+00:00,False,1410.0,1410.0,1410.0,68.0,0,
1,796438566c67,3,2048,2048,2048,24567,422057846243328,int8,resident,dense_random,dense_random,,632.905,1.3768080159788951,459.69008943488143,nvml_energy_counter,1.4995693259428537e-12,NVIDIA A100-SXM4-80GB,GPU-7657e9bf-9b75-a6b8-af6b-966114659e91,595.84,13020,2.5.1+cu124,True,1410,1593,500.0,69.0,False,0,False,2026-07-21T03:37:33.314764+00:00,False,1410.0,1410.0,1410.0,69.0,0,
1,796438566c67,4,2048,2048,2048,24567,422057846243328,int8,resident,dense_random,dense_random,,632.775,1.3767113530193456,459.62793770257247,nvml_energy_counter,1.499261311292357e-12,NVIDIA A100-SXM4-80GB,GPU-7657e9bf-9b75-a6b8-af6b-966114659e91,595.84,13020,2.5.1+cu124,True,1410,1593,500.0,69.0,False,0,False,2026-07-21T03:37:33.314764+00:00,False,1410.0,1410.0,1410.0,69.0,0,
1,796438566c67,0,2048,2048,2048,13273,228028403679232,bf16,streamed,adversarial_toggle,adversarial_toggle,,594.593,1.427425650996156,416.54919090535606,nvml_energy_counter,2.6075391942681626e-12,NVIDIA A100-SXM4-80GB,GPU-7657e9bf-9b75-a6b8-af6b-966114659e91,595.84,13020,2.5.1+cu124,True,1410,1593,500.0,68.0,False,0,False,2026-07-21T03:37:44.782965+00:00,False,1410.0,1410.0,1410.0,67.0,0,
1,796438566c67,1,2048,2048,2048,13273,228028403679232,bf16,streamed,adversarial_toggle,adversarial_toggle,,593.423,1.4274100110051222,415.73408861139796,nvml_energy_counter,2.6024082545206485e-12,NVIDIA A100-SXM4-80GB,GPU-7657e9bf-9b75-a6b8-af6b-966114659e91,595.84,13020,2.5.1+cu124,True,1410,1593,500.0,68.0,False,0,False,2026-07-21T03:37:44.782965+00:00,False,1410.0,1410.0,1410.0,67.0,0,
1,796438566c67,2,2048,2048,2048,13273,228028403679232,bf16,streamed,adversarial_toggle,adversarial_toggle,,593.61,1.4274561590282246,415.8516506763433,nvml_energy_counter,2.6032283277965335e-12,NVIDIA A100-SXM4-80GB,GPU-7657e9bf-9b75-a6b8-af6b-966114659e91,595.84,13020,2.5.1+cu124,True,1410,1593,500.0,68.0,False,0,False,2026-07-21T03:37:44.782965+00:00,False,1410.0,1410.0,1410.0,67.0,0,
1,796438566c67,3,2048,2048,2048,13273,228028403679232,bf16,streamed,adversarial_toggle,adversarial_toggle,,636.039,1.4274661680101417,445.5720312353358,nvml_energy_counter,2.7892972530506214e-12,NVIDIA A100-SXM4-80GB,GPU-7657e9bf-9b75-a6b8-af6b-966114659e91,595.84,13020,2.5.1+cu124,True,1410,1593,500.0,68.0,False,0,False,2026-07-21T03:37:44.782965+00:00,True,1410.0,1410.0,1410.0,68.0,0,
1,796438566c67,4,2048,2048,2048,13273,228028403679232,bf16,streamed,adversarial_toggle,adversarial_toggle,,593.567,1.4275039589847438,415.80760337936385,nvml_energy_counter,2.603039754797266e-12,NVIDIA A100-SXM4-80GB,GPU-7657e9bf-9b75-a6b8-af6b-966114659e91,595.84,13020,2.5.1+cu124,True,1410,1593,500.0,68.0,False,0,False,2026-07-21T03:37:44.782965+00:00,False,1410.0,1410.0,1410.0,68.0,0,
0,796438566c67,0,2048,2048,2048,19862,341226561732608,fp16,streamed,reference_drift,reference_drift,,754.409,1.474912193021737,511.4941781411401,nvml_energy_counter,2.2108741950492415e-12,NVIDIA A100-SXM4-80GB,GPU-7657e9bf-9b75-a6b8-af6b-966114659e91,595.84,13020,2.5.1+cu124,True,1320,1593,500.0,73.0,False,4,False,2026-07-21T03:37:56.640863+00:00,True,1335.0,1320.0,1335.0,73.0,4,
0,796438566c67,1,2048,2048,2048,19862,341226561732608,fp16,streamed,reference_drift,reference_drift,,749.565,1.4762071740115061,507.7640951731059,nvml_energy_counter,2.1966783482329675e-12,NVIDIA A100-SXM4-80GB,GPU-7657e9bf-9b75-a6b8-af6b-966114659e91,595.84,13020,2.5.1+cu124,True,1320,1593,500.0,73.0,False,4,False,2026-07-21T03:37:56.640863+00:00,False,1320.0,1320.0,1335.0,73.0,4,
0,796438566c67,2,2048,2048,2048,19862,341226561732608,fp16,streamed,reference_drift,reference_drift,,703.967,1.4745497000403702,477.4115107688312,nvml_energy_counter,2.0630486572485605e-12,NVIDIA A100-SXM4-80GB,GPU-7657e9bf-9b75-a6b8-af6b-966114659e91,595.84,13020,2.5.1+cu124,True,1320,1593,500.0,73.0,False,4,False,2026-07-21T03:37:56.640863+00:00,False,1335.0,1305.0,1365.0,73.0,4,
0,796438566c67,3,2048,2048,2048,19862,341226561732608,fp16,streamed,reference_drift,reference_drift,,751.724,1.475432519975584,509.4939889304052,nvml_energy_counter,2.2030055227326238e-12,NVIDIA A100-SXM4-80GB,GPU-7657e9bf-9b75-a6b8-af6b-966114659e91,595.84,13020,2.5.1+cu124,True,1320,1593,500.0,73.0,False,4,False,2026-07-21T03:37:56.640863+00:00,False,1335.0,1305.0,1365.0,73.0,4,
0,796438566c67,4,2048,2048,2048,19862,341226561732608,fp16,streamed,reference_drift,reference_drift,,753.376,1.4755085440119728,510.5873517692669,nvml_energy_counter,2.2078468808953994e-12,NVIDIA A100-SXM4-80GB,GPU-7657e9bf-9b75-a6b8-af6b-966114659e91,595.84,13020,2.5.1+cu124,True,1320,1593,500.0,73.0,False,4,False,2026-07-21T03:37:56.640863+00:00,False,1335.0,1305.0,1365.0,74.0,4,
1,796438566c67,0,2048,2048,2048,8194,140771848093696,tf32,streamed,low_entropy,low_entropy,,498.401,1.3706159130088054,363.6328713752487,nvml_energy_counter,3.54048772357006e-12,NVIDIA A100-SXM4-80GB,GPU-7657e9bf-9b75-a6b8-af6b-966114659e91,595.84,13020,2.5.1+cu124,True,1410,1593,500.0,65.0,False,0,False,2026-07-21T03:38:07.657692+00:00,False,1410.0,1410.0,1410.0,66.0,0,
1,796438566c67,1,2048,2048,2048,8194,140771848093696,tf32,streamed,low_entropy,low_entropy,,535.26,1.3705483750090934,390.5444052614696,nvml_energy_counter,3.8023227459778576e-12,NVIDIA A100-SXM4-80GB,GPU-7657e9bf-9b75-a6b8-af6b-966114659e91,595.84,13020,2.5.1+cu124,True,1410,1593,500.0,65.0,False,0,False,2026-07-21T03:38:07.657692+00:00,True,1410.0,1410.0,1410.0,66.0,0,
1,796438566c67,2,2048,2048,2048,8194,140771848093696,tf32,streamed,low_entropy,low_entropy,,535.252,1.3704861569567584,390.55629805744053,nvml_energy_counter,3.802265916433397e-12,NVIDIA A100-SXM4-80GB,GPU-7657e9bf-9b75-a6b8-af6b-966114659e91,595.84,13020,2.5.1+cu124,True,1410,1593,500.0,65.0,False,0,False,2026-07-21T03:38:07.657692+00:00,False,1410.0,1410.0,1410.0,65.0,0,
1,796438566c67,3,2048,2048,2048,8194,140771848093696,tf32,streamed,low_entropy,low_entropy,,534.534,1.3705377440201119,390.01771555162367,nvml_energy_counter,3.797165464818085e-12,NVIDIA A100-SXM4-80GB,GPU-7657e9bf-9b75-a6b8-af6b-966114659e91,595.84,13020,2.5.1+cu124,True,1410,1593,500.0,65.0,False,0,False,2026-07-21T03:38:07.657692+00:00,False,1410.0,1410.0,1410.0,65.0,0,
1,796438566c67,4,2048,2048,2048,8194,140771848093696,tf32,streamed,low_entropy,low_entropy,,495.931,1.3704575930023566,361.87256178684777,nvml_energy_counter,3.5229416017179403e-12,NVIDIA A100-SXM4-80GB,GPU-7657e9bf-9b75-a6b8-af6b-966114659e91,595.84,13020,2.5.1+cu124,True,1410,1593,500.0,65.0,False,0,False,2026-07-21T03:38:07.657692+00:00,False,1410.0,1410.0,1410.0,65.0,0,
1,796438566c67,0,2048,2048,2048,19779,339800632590336,fp16,streamed,declared_typical,declared_typical,,756.199,1.4684586380026303,514.9610485648867,nvml_energy_counter,2.225419635729973e-12,NVIDIA A100-SXM4-80GB,GPU-7657e9bf-9b75-a6b8-af6b-966114659e91,595.84,13020,2.5.1+cu124,True,1320,1593,500.0,73.0,False,4,False,2026-07-21T03:38:19.474091+00:00,True,1320.0,1320.0,1365.0,73.0,4,
1,796438566c67,1,2048,2048,2048,19779,339800632590336,fp16,streamed,declared_typical,declared_typical,,749.787,1.4698998350067995,510.09394119466083,nvml_energy_counter,2.206549747374791e-12,NVIDIA A100-SXM4-80GB,GPU-7657e9bf-9b75-a6b8-af6b-966114659e91,595.84,13020,2.5.1+cu124,True,1320,1593,500.0,73.0,False,4,False,2026-07-21T03:38:19.474091+00:00,False,1320.0,1305.0,1350.0,73.0,4,
1,796438566c67,2,2048,2048,2048,19779,339800632590336,fp16,streamed,declared_typical,declared_typical,,703.307,1.4692917140200734,478.6707726512037,nvml_energy_counter,2.0697636571145166e-12,NVIDIA A100-SXM4-80GB,GPU-7657e9bf-9b75-a6b8-af6b-966114659e91,595.84,13020,2.5.1+cu124,True,1320,1593,500.0,73.0,False,4,False,2026-07-21T03:38:19.474091+00:00,False,1320.0,1305.0,1350.0,73.0,4,
1,796438566c67,3,2048,2048,2048,19779,339800632590336,fp16,streamed,declared_typical,declared_typical,,751.502,1.4700381259899586,511.2125915060337,nvml_energy_counter,2.211596824500358e-12,NVIDIA A100-SXM4-80GB,GPU-7657e9bf-9b75-a6b8-af6b-966114659e91,595.84,13020,2.5.1+cu124,True,1320,1593,500.0,73.0,False,4,False,2026-07-21T03:38:19.474091+00:00,False,1320.0,1305.0,1335.0,73.0,4,
1,796438566c67,4,2048,2048,2048,19779,339800632590336,fp16,streamed,declared_typical,declared_typical,,751.712,1.470338625018485,511.25093717139447,nvml_energy_counter,2.212214833944305e-12,NVIDIA A100-SXM4-80GB,GPU-7657e9bf-9b75-a6b8-af6b-966114659e91,595.84,13020,2.5.1+cu124,True,1320,1593,500.0,73.0,False,4,False,2026-07-21T03:38:19.474091+00:00,False,1320.0,1305.0,1335.0,74.0,4,
1,796438566c67,0,2048,2048,2048,1488,25563645345792,fp32,streamed,adversarial_toggle,adversarial_toggle,,442.955,1.447090498986654,306.10041342278566,nvml_energy_counter,1.732753658597107e-11,NVIDIA A100-SXM4-80GB,GPU-7657e9bf-9b75-a6b8-af6b-966114659e91,595.84,13020,2.5.1+cu124,True,1410,1593,500.0,61.0,False,0,False,2026-07-21T03:38:31.109822+00:00,False,1410.0,1410.0,1410.0,64.0,0,
1,796438566c67,1,2048,2048,2048,1488,25563645345792,fp32,streamed,adversarial_toggle,adversarial_toggle,,472.902,1.4470528280362487,326.803549143234,nvml_energy_counter,1.849900487990629e-11,NVIDIA A100-SXM4-80GB,GPU-7657e9bf-9b75-a6b8-af6b-966114659e91,595.84,13020,2.5.1+cu124,True,1410,1593,500.0,61.0,False,0,False,2026-07-21T03:38:31.109822+00:00,True,1410.0,1410.0,1410.0,63.0,0,
1,796438566c67,2,2048,2048,2048,1488,25563645345792,fp32,streamed,adversarial_toggle,adversarial_toggle,,440.393,1.4470440719742328,304.3397285054093,nvml_energy_counter,1.7227316137543447e-11,NVIDIA A100-SXM4-80GB,GPU-7657e9bf-9b75-a6b8-af6b-966114659e91,595.84,13020,2.5.1+cu124,True,1410,1593,500.0,61.0,False,0,False,2026-07-21T03:38:31.109822+00:00,False,1410.0,1410.0,1410.0,63.0,0,
1,796438566c67,3,2048,2048,2048,1488,25563645345792,fp32,streamed,adversarial_toggle,adversarial_toggle,,466.256,1.4470415170071647,322.2132844981057,nvml_energy_counter,1.8239026308380147e-11,NVIDIA A100-SXM4-80GB,GPU-7657e9bf-9b75-a6b8-af6b-966114659e91,595.84,13020,2.5.1+cu124,True,1410,1593,500.0,61.0,False,0,False,2026-07-21T03:38:31.109822+00:00,False,1410.0,1410.0,1410.0,62.0,0,
1,796438566c67,4,2048,2048,2048,1488,25563645345792,fp32,streamed,adversarial_toggle,adversarial_toggle,,433.013,1.4470692499889992,299.234469949031,nvml_energy_counter,1.693862491607746e-11,NVIDIA A100-SXM4-80GB,GPU-7657e9bf-9b75-a6b8-af6b-966114659e91,595.84,13020,2.5.1+cu124,True,1410,1593,500.0,61.0,False,0,False,2026-07-21T03:38:31.109822+00:00,False,1410.0,1410.0,1410.0,62.0,0,
1,796438566c67,0,2048,2048,2048,13437,230845902225408,bf16,streamed,dense_random,dense_random,,598.102,1.4439231469877996,414.22010669176814,nvml_energy_counter,2.590914520180597e-12,NVIDIA A100-SXM4-80GB,GPU-7657e9bf-9b75-a6b8-af6b-966114659e91,595.84,13020,2.5.1+cu124,True,1410,1593,500.0,65.0,False,0,False,2026-07-21T03:38:42.711090+00:00,False,1410.0,1410.0,1410.0,65.0,0,
1,796438566c67,1,2048,2048,2048,13437,230845902225408,bf16,streamed,dense_random,dense_random,,557.832,1.4438849549624138,386.34102951403156,nvml_energy_counter,2.4164691450979645e-12,NVIDIA A100-SXM4-80GB,GPU-7657e9bf-9b75-a6b8-af6b-966114659e91,595.84,13020,2.5.1+cu124,True,1410,1593,500.0,65.0,False,0,False,2026-07-21T03:38:42.711090+00:00,False,1410.0,1410.0,1410.0,65.0,0,
1,796438566c67,2,2048,2048,2048,13437,230845902225408,bf16,streamed,dense_random,dense_random,,598.781,1.443860299012158,414.708403859893,nvml_energy_counter,2.5938558762690276e-12,NVIDIA A100-SXM4-80GB,GPU-7657e9bf-9b75-a6b8-af6b-966114659e91,595.84,13020,2.5.1+cu124,True,1410,1593,500.0,65.0,False,0,False,2026-07-21T03:38:42.711090+00:00,True,1410.0,1410.0,1410.0,65.0,0,
1,796438566c67,3,2048,2048,2048,13437,230845902225408,bf16,streamed,dense_random,dense_random,,558.398,1.4438590470235795,386.7399668624862,nvml_energy_counter,2.4189209971540057e-12,NVIDIA A100-SXM4-80GB,GPU-7657e9bf-9b75-a6b8-af6b-966114659e91,595.84,13020,2.5.1+cu124,True,1410,1593,500.0,65.0,False,0,False,2026-07-21T03:38:42.711090+00:00,False,1410.0,1410.0,1410.0,65.0,0,
1,796438566c67,4,2048,2048,2048,13437,230845902225408,bf16,streamed,dense_random,dense_random,,598.314,1.4438352020224556,414.39216827648346,nvml_energy_counter,2.5918328817280895e-12,NVIDIA A100-SXM4-80GB,GPU-7657e9bf-9b75-a6b8-af6b-966114659e91,595.84,13020,2.5.1+cu124,True,1410,1593,500.0,65.0,False,0,False,2026-07-21T03:38:42.711090+00:00,False,1410.0,1410.0,1410.0,65.0,0,
1,796438566c67,0,2048,2048,2048,1535,26371099197440,fp32,streamed,declared_typical,declared_typical,,537.999,1.4931186939938925,360.31897675925865,nvml_energy_counter,2.0401083624615345e-11,NVIDIA A100-SXM4-80GB,GPU-7657e9bf-9b75-a6b8-af6b-966114659e91,595.84,13020,2.5.1+cu124,True,1410,1593,500.0,63.0,False,0,False,2026-07-21T03:38:54.712636+00:00,True,1410.0,1410.0,1410.0,64.0,0,
1,796438566c67,1,2048,2048,2048,1535,26371099197440,fp32,streamed,declared_typical,declared_typical,,537.32,1.49314510502154,359.85785855169695,nvml_energy_counter,2.037533574073245e-11,NVIDIA A100-SXM4-80GB,GPU-7657e9bf-9b75-a6b8-af6b-966114659e91,595.84,13020,2.5.1+cu124,True,1410,1593,500.0,63.0,False,0,False,2026-07-21T03:38:54.712636+00:00,False,1410.0,1410.0,1410.0,64.0,0,
1,796438566c67,2,2048,2048,2048,1535,26371099197440,fp32,streamed,declared_typical,declared_typical,,536.949,1.4931288739899173,359.61329886091653,nvml_energy_counter,2.0361267309332513e-11,NVIDIA A100-SXM4-80GB,GPU-7657e9bf-9b75-a6b8-af6b-966114659e91,595.84,13020,2.5.1+cu124,True,1410,1593,500.0,63.0,False,0,False,2026-07-21T03:38:54.712636+00:00,False,1410.0,1410.0,1410.0,63.0,0,
1,796438566c67,3,2048,2048,2048,1535,26371099197440,fp32,streamed,declared_typical,declared_typical,,536.624,1.493111029965803,359.3999302331123,nvml_energy_counter,2.0348943211744973e-11,NVIDIA A100-SXM4-80GB,GPU-7657e9bf-9b75-a6b8-af6b-966114659e91,595.84,13020,2.5.1+cu124,True,1410,1593,500.0,63.0,False,0,False,2026-07-21T03:38:54.712636+00:00,False,1410.0,1410.0,1410.0,63.0,0,
1,796438566c67,4,2048,2048,2048,1535,26371099197440,fp32,streamed,declared_typical,declared_typical,,536.41,1.4931509459856898,359.2470014114306,nvml_energy_counter,2.0340828267487328e-11,NVIDIA A100-SXM4-80GB,GPU-7657e9bf-9b75-a6b8-af6b-966114659e91,595.84,13020,2.5.1+cu124,True,1410,1593,500.0,63.0,False,0,False,2026-07-21T03:38:54.712636+00:00,False,1410.0,1410.0,1410.0,63.0,0,
1,796438566c67,0,2048,2048,2048,1535,26371099197440,fp32,resident,dense_random,dense_random,,498.29,1.4929096620180644,333.77103295481965,nvml_energy_counter,1.8895306421219334e-11,NVIDIA A100-SXM4-80GB,GPU-7657e9bf-9b75-a6b8-af6b-966114659e91,595.84,13020,2.5.1+cu124,True,1410,1593,500.0,63.0,False,0,False,2026-07-21T03:39:06.709769+00:00,False,1410.0,1410.0,1410.0,63.0,0,
1,796438566c67,1,2048,2048,2048,1535,26371099197440,fp32,resident,dense_random,dense_random,,497.83,1.4929168850067072,333.4612964724847,nvml_energy_counter,1.8877863083095425e-11,NVIDIA A100-SXM4-80GB,GPU-7657e9bf-9b75-a6b8-af6b-966114659e91,595.84,13020,2.5.1+cu124,True,1410,1593,500.0,63.0,False,0,False,2026-07-21T03:39:06.709769+00:00,False,1410.0,1410.0,1410.0,63.0,0,
1,796438566c67,2,2048,2048,2048,1535,26371099197440,fp32,resident,dense_random,dense_random,,533.186,1.49286120000761,357.15711547549233,nvml_energy_counter,2.0218573219418914e-11,NVIDIA A100-SXM4-80GB,GPU-7657e9bf-9b75-a6b8-af6b-966114659e91,595.84,13020,2.5.1+cu124,True,1410,1593,500.0,63.0,False,0,False,2026-07-21T03:39:06.709769+00:00,True,1410.0,1410.0,1410.0,63.0,0,
1,796438566c67,3,2048,2048,2048,1535,26371099197440,fp32,resident,dense_random,dense_random,,533.081,1.4928850450087339,357.08107719498344,nvml_energy_counter,2.0214591587890633e-11,NVIDIA A100-SXM4-80GB,GPU-7657e9bf-9b75-a6b8-af6b-966114659e91,595.84,13020,2.5.1+cu124,True,1410,1593,500.0,63.0,False,0,False,2026-07-21T03:39:06.709769+00:00,False,1410.0,1410.0,1410.0,63.0,0,
1,796438566c67,4,2048,2048,2048,1535,26371099197440,fp32,resident,dense_random,dense_random,,532.758,1.4928633340168744,356.86990755309023,nvml_energy_counter,2.020234333090363e-11,NVIDIA A100-SXM4-80GB,GPU-7657e9bf-9b75-a6b8-af6b-966114659e91,595.84,13020,2.5.1+cu124,True,1410,1593,500.0,63.0,False,0,False,2026-07-21T03:39:06.709769+00:00,False,1410.0,1410.0,1410.0,63.0,0,
1,796438566c67,0,2048,2048,2048,8672,148983825563648,tf32,resident,declared_typical,declared_typical,,750.831,1.4983512270264328,501.1048053733495,nvml_energy_counter,5.039681302043318e-12,NVIDIA A100-SXM4-80GB,GPU-7657e9bf-9b75-a6b8-af6b-966114659e91,595.84,13020,2.5.1+cu124,True,1365,1593,500.0,71.0,False,4,False,2026-07-21T03:39:18.759024+00:00,False,1380.0,1350.0,1380.0,70.0,4,
1,796438566c67,1,2048,2048,2048,8672,148983825563648,tf32,resident,declared_typical,declared_typical,,752.004,1.4986371179693379,501.7919221292009,nvml_energy_counter,5.047554639941322e-12,NVIDIA A100-SXM4-80GB,GPU-7657e9bf-9b75-a6b8-af6b-966114659e91,595.84,13020,2.5.1+cu124,True,1365,1593,500.0,71.0,False,4,False,2026-07-21T03:39:18.759024+00:00,True,1380.0,1350.0,1380.0,71.0,4,
1,796438566c67,2,2048,2048,2048,8672,148983825563648,tf32,resident,declared_typical,declared_typical,,748.362,1.499811448971741,498.9707209616723,nvml_energy_counter,5.0231090332707906e-12,NVIDIA A100-SXM4-80GB,GPU-7657e9bf-9b75-a6b8-af6b-966114659e91,595.84,13020,2.5.1+cu124,True,1365,1593,500.0,71.0,False,4,False,2026-07-21T03:39:18.759024+00:00,False,1365.0,1365.0,1380.0,71.0,4,
1,796438566c67,3,2048,2048,2048,8672,148983825563648,tf32,resident,declared_typical,declared_typical,,749.122,1.5011362860095687,499.0366344360187,nvml_energy_counter,5.028210258166343e-12,NVIDIA A100-SXM4-80GB,GPU-7657e9bf-9b75-a6b8-af6b-966114659e91,595.84,13020,2.5.1+cu124,True,1365,1593,500.0,71.0,False,4,False,2026-07-21T03:39:18.759024+00:00,False,1365.0,1350.0,1380.0,71.0,4,
1,796438566c67,4,2048,2048,2048,8672,148983825563648,tf32,resident,declared_typical,declared_typical,,746.959,1.503332299995236,496.86885594247326,nvml_energy_counter,5.013691903628079e-12,NVIDIA A100-SXM4-80GB,GPU-7657e9bf-9b75-a6b8-af6b-966114659e91,595.84,13020,2.5.1+cu124,True,1365,1593,500.0,71.0,False,4,False,2026-07-21T03:39:18.759024+00:00,False,1365.0,1365.0,1380.0,71.0,4,
1,796438566c67,0,2048,2048,2048,24305,417556720517120,int8,streamed,dense_random,dense_random,,628.077,1.3639244830119424,460.492503670748,nvml_energy_counter,1.5041716948589948e-12,NVIDIA A100-SXM4-80GB,GPU-7657e9bf-9b75-a6b8-af6b-966114659e91,595.84,13020,2.5.1+cu124,True,1410,1593,500.0,71.0,False,0,False,2026-07-21T03:39:29.719916+00:00,False,1410.0,1410.0,1410.0,71.0,0,
1,796438566c67,1,2048,2048,2048,24305,417556720517120,int8,streamed,dense_random,dense_random,,674.638,1.3641279969597235,494.5562304296867,nvml_energy_counter,1.6156798989236712e-12,NVIDIA A100-SXM4-80GB,GPU-7657e9bf-9b75-a6b8-af6b-966114659e91,595.84,13020,2.5.1+cu124,True,1410,1593,500.0,71.0,False,0,False,2026-07-21T03:39:29.719916+00:00,False,1410.0,1410.0,1410.0,71.0,0,
1,796438566c67,2,2048,2048,2048,24305,417556720517120,int8,streamed,dense_random,dense_random,,675.595,1.3641112960176542,495.2638409873974,nvml_energy_counter,1.6179718031200993e-12,NVIDIA A100-SXM4-80GB,GPU-7657e9bf-9b75-a6b8-af6b-966114659e91,595.84,13020,2.5.1+cu124,True,1410,1593,500.0,71.0,False,0,False,2026-07-21T03:39:29.719916+00:00,False,1410.0,1410.0,1410.0,71.0,0,
1,796438566c67,3,2048,2048,2048,24305,417556720517120,int8,streamed,dense_random,dense_random,,627.621,1.3640586260007694,460.11292186179537,nvml_energy_counter,1.503079627655681e-12,NVIDIA A100-SXM4-80GB,GPU-7657e9bf-9b75-a6b8-af6b-966114659e91,595.84,13020,2.5.1+cu124,True,1410,1593,500.0,71.0,False,0,False,2026-07-21T03:39:29.719916+00:00,False,1410.0,1410.0,1410.0,71.0,0,
1,796438566c67,4,2048,2048,2048,24305,417556720517120,int8,streamed,dense_random,dense_random,,676.038,1.364065267960541,495.60531733995896,nvml_energy_counter,1.6190327368285818e-12,NVIDIA A100-SXM4-80GB,GPU-7657e9bf-9b75-a6b8-af6b-966114659e91,595.84,13020,2.5.1+cu124,True,1410,1593,500.0,71.0,False,0,False,2026-07-21T03:39:29.719916+00:00,True,1410.0,1410.0,1410.0,71.0,0,
0,796438566c67,0,2048,2048,2048,19704,338512142401536,fp16,streamed,reference_drift,reference_drift,,701.976,1.4665159969590604,478.6691733711763,nvml_energy_counter,2.0737099562216907e-12,NVIDIA A100-SXM4-80GB,GPU-7657e9bf-9b75-a6b8-af6b-966114659e91,595.84,13020,2.5.1+cu124,True,1320,1593,500.0,74.0,False,4,False,2026-07-21T03:39:41.487257+00:00,False,1320.0,1320.0,1335.0,74.0,4,
0,796438566c67,1,2048,2048,2048,19704,338512142401536,fp16,streamed,reference_drift,reference_drift,,753.758,1.463343023962807,515.0931720430015,nvml_energy_counter,2.2266793582426597e-12,NVIDIA A100-SXM4-80GB,GPU-7657e9bf-9b75-a6b8-af6b-966114659e91,595.84,13020,2.5.1+cu124,True,1320,1593,500.0,74.0,False,4,False,2026-07-21T03:39:41.487257+00:00,False,1335.0,1305.0,1365.0,74.0,4,
0,796438566c67,2,2048,2048,2048,19704,338512142401536,fp16,streamed,reference_drift,reference_drift,,703.634,1.4653762209927663,480.1729343767435,nvml_energy_counter,2.078607860291653e-12,NVIDIA A100-SXM4-80GB,GPU-7657e9bf-9b75-a6b8-af6b-966114659e91,595.84,13020,2.5.1+cu124,True,1320,1593,500.0,74.0,False,4,False,2026-07-21T03:39:41.487257+00:00,False,1335.0,1305.0,1335.0,74.0,4,
0,796438566c67,3,2048,2048,2048,19704,338512142401536,fp16,streamed,reference_drift,reference_drift,,753.729,1.464329860988073,514.7262376329695,nvml_energy_counter,2.226593689232992e-12,NVIDIA A100-SXM4-80GB,GPU-7657e9bf-9b75-a6b8-af6b-966114659e91,595.84,13020,2.5.1+cu124,True,1320,1593,500.0,74.0,False,4,False,2026-07-21T03:39:41.487257+00:00,False,1320.0,1305.0,1335.0,74.0,4,
0,796438566c67,4,2048,2048,2048,19704,338512142401536,fp16,streamed,reference_drift,reference_drift,,753.916,1.464374876988586,514.8381140971161,nvml_energy_counter,2.2271461066401593e-12,NVIDIA A100-SXM4-80GB,GPU-7657e9bf-9b75-a6b8-af6b-966114659e91,595.84,13020,2.5.1+cu124,True,1320,1593,500.0,74.0,False,4,False,2026-07-21T03:39:41.487257+00:00,True,1320.0,1305.0,1365.0,74.0,4,
1,796438566c67,0,2048,2048,2048,8191,140720308486144,tf32,streamed,dense_random,dense_random,,699.963,1.4171890650177374,493.90939944293126,nvml_energy_counter,4.974143444753191e-12,NVIDIA A100-SXM4-80GB,GPU-7657e9bf-9b75-a6b8-af6b-966114659e91,595.84,13020,2.5.1+cu124,True,1365,1593,500.0,73.0,False,4,False,2026-07-21T03:39:52.888014+00:00,False,1365.0,1365.0,1380.0,73.0,4,
1,796438566c67,1,2048,2048,2048,8191,140720308486144,tf32,streamed,dense_random,dense_random,,697.095,1.4159000260406174,492.3334890736154,nvml_energy_counter,4.9537625911944285e-12,NVIDIA A100-SXM4-80GB,GPU-7657e9bf-9b75-a6b8-af6b-966114659e91,595.84,13020,2.5.1+cu124,True,1365,1593,500.0,73.0,False,4,False,2026-07-21T03:39:52.888014+00:00,False,1380.0,1350.0,1395.0,73.0,4,
1,796438566c67,2,2048,2048,2048,8191,140720308486144,tf32,streamed,dense_random,dense_random,,696.787,1.4154454660019837,492.27399905989984,nvml_energy_counter,4.951573852388257e-12,NVIDIA A100-SXM4-80GB,GPU-7657e9bf-9b75-a6b8-af6b-966114659e91,595.84,13020,2.5.1+cu124,True,1365,1593,500.0,73.0,False,4,False,2026-07-21T03:39:52.888014+00:00,False,1380.0,1365.0,1395.0,73.0,4,
1,796438566c67,3,2048,2048,2048,8191,140720308486144,tf32,streamed,dense_random,dense_random,,697.56,1.4152844810159877,492.8761739118653,nvml_energy_counter,4.95706701828816e-12,NVIDIA A100-SXM4-80GB,GPU-7657e9bf-9b75-a6b8-af6b-966114659e91,595.84,13020,2.5.1+cu124,True,1365,1593,500.0,73.0,False,4,False,2026-07-21T03:39:52.888014+00:00,False,1380.0,1365.0,1380.0,73.0,4,
1,796438566c67,4,2048,2048,2048,8191,140720308486144,tf32,streamed,dense_random,dense_random,,748.693,1.4161909770336933,528.6666926576439,nvml_energy_counter,5.320433191586699e-12,NVIDIA A100-SXM4-80GB,GPU-7657e9bf-9b75-a6b8-af6b-966114659e91,595.84,13020,2.5.1+cu124,True,1365,1593,500.0,73.0,False,4,False,2026-07-21T03:39:52.888014+00:00,True,1380.0,1365.0,1380.0,73.0,4,
1,796438566c67,0,2048,2048,2048,1503,25821343383552,fp32,resident,adversarial_toggle,adversarial_toggle,,475.266,1.4612274810206145,325.2512056973114,nvml_energy_counter,1.8405936241982703e-11,NVIDIA A100-SXM4-80GB,GPU-7657e9bf-9b75-a6b8-af6b-966114659e91,595.84,13020,2.5.1+cu124,True,1410,1593,500.0,61.0,False,0,False,2026-07-21T03:40:04.651032+00:00,True,1410.0,1410.0,1410.0,64.0,0,
1,796438566c67,1,2048,2048,2048,1503,25821343383552,fp32,resident,adversarial_toggle,adversarial_toggle,,466.581,1.4612721730372868,319.29780680774957,nvml_energy_counter,1.8069586584608475e-11,NVIDIA A100-SXM4-80GB,GPU-7657e9bf-9b75-a6b8-af6b-966114659e91,595.84,13020,2.5.1+cu124,True,1410,1593,500.0,61.0,False,0,False,2026-07-21T03:40:04.651032+00:00,False,1410.0,1410.0,1410.0,63.0,0,
1,796438566c67,2,2048,2048,2048,1503,25821343383552,fp32,resident,adversarial_toggle,adversarial_toggle,,434.98,1.4612853639991954,297.6694427497458,nvml_energy_counter,1.6845754054650734e-11,NVIDIA A100-SXM4-80GB,GPU-7657e9bf-9b75-a6b8-af6b-966114659e91,595.84,13020,2.5.1+cu124,True,1410,1593,500.0,61.0,False,0,False,2026-07-21T03:40:04.651032+00:00,False,1410.0,1410.0,1410.0,62.0,0,
1,796438566c67,3,2048,2048,2048,1503,25821343383552,fp32,resident,adversarial_toggle,adversarial_toggle,,464.591,1.461264415003825,317.93766770046466,nvml_energy_counter,1.799251855718479e-11,NVIDIA A100-SXM4-80GB,GPU-7657e9bf-9b75-a6b8-af6b-966114659e91,595.84,13020,2.5.1+cu124,True,1410,1593,500.0,61.0,False,0,False,2026-07-21T03:40:04.651032+00:00,False,1410.0,1410.0,1410.0,62.0,0,
1,796438566c67,4,2048,2048,2048,1503,25821343383552,fp32,resident,adversarial_toggle,adversarial_toggle,,432.795,1.4612800840404816,296.1752539617931,nvml_energy_counter,1.6761134135092566e-11,NVIDIA A100-SXM4-80GB,GPU-7657e9bf-9b75-a6b8-af6b-966114659e91,595.84,13020,2.5.1+cu124,True,1410,1593,500.0,61.0,False,0,False,2026-07-21T03:40:04.651032+00:00,False,1410.0,1410.0,1410.0,61.0,0,
1,796438566c67,0,2048,2048,2048,13323,228887397138432,bf16,resident,adversarial_toggle,adversarial_toggle,,600.543,1.4344062360469252,418.6700984060375,nvml_energy_counter,2.623748653303044e-12,NVIDIA A100-SXM4-80GB,GPU-7657e9bf-9b75-a6b8-af6b-966114659e91,595.84,13020,2.5.1+cu124,True,1410,1593,500.0,66.0,False,0,False,2026-07-21T03:40:16.172586+00:00,False,1410.0,1410.0,1410.0,65.0,0,
1,796438566c67,1,2048,2048,2048,13323,228887397138432,bf16,resident,adversarial_toggle,adversarial_toggle,,560.376,1.4343223969917744,390.69040626799443,nvml_energy_counter,2.448260616381086e-12,NVIDIA A100-SXM4-80GB,GPU-7657e9bf-9b75-a6b8-af6b-966114659e91,595.84,13020,2.5.1+cu124,True,1410,1593,500.0,66.0,False,0,False,2026-07-21T03:40:16.172586+00:00,False,1410.0,1410.0,1410.0,65.0,0,
1,796438566c67,2,2048,2048,2048,13323,228887397138432,bf16,resident,adversarial_toggle,adversarial_toggle,,560.926,1.4343914769706316,391.0550285649004,nvml_energy_counter,2.4506635446631854e-12,NVIDIA A100-SXM4-80GB,GPU-7657e9bf-9b75-a6b8-af6b-966114659e91,595.84,13020,2.5.1+cu124,True,1410,1593,500.0,66.0,False,0,False,2026-07-21T03:40:16.172586+00:00,False,1410.0,1410.0,1410.0,66.0,0,
1,796438566c67,3,2048,2048,2048,13323,228887397138432,bf16,resident,adversarial_toggle,adversarial_toggle,,600.944,1.4344012570218183,418.9511108263475,nvml_energy_counter,2.62550060646872e-12,NVIDIA A100-SXM4-80GB,GPU-7657e9bf-9b75-a6b8-af6b-966114659e91,595.84,13020,2.5.1+cu124,True,1410,1593,500.0,66.0,False,0,False,2026-07-21T03:40:16.172586+00:00,True,1410.0,1410.0,1410.0,66.0,0,
1,796438566c67,4,2048,2048,2048,13323,228887397138432,bf16,resident,adversarial_toggle,adversarial_toggle,,560.976,1.434356251033023,391.0994912149511,nvml_energy_counter,2.4508819926888306e-12,NVIDIA A100-SXM4-80GB,GPU-7657e9bf-9b75-a6b8-af6b-966114659e91,595.84,13020,2.5.1+cu124,True,1410,1593,500.0,66.0,False,0,False,2026-07-21T03:40:16.172586+00:00,False,1410.0,1410.0,1410.0,66.0,0,
1,796438566c67,0,2048,2048,2048,23839,409550901477376,int8,resident,sparse_struct,sparse_struct,,492.448,1.334671240998432,368.9657684027212,nvml_energy_counter,1.2024097571842441e-12,NVIDIA A100-SXM4-80GB,GPU-7657e9bf-9b75-a6b8-af6b-966114659e91,595.84,13020,2.5.1+cu124,True,1410,1593,500.0,64.0,False,0,False,2026-07-21T03:40:26.899246+00:00,False,1410.0,1410.0,1410.0,64.0,0,
1,796438566c67,1,2048,2048,2048,23839,409550901477376,int8,resident,sparse_struct,sparse_struct,,530.535,1.3346800270373933,397.49976717463545,nvml_energy_counter,1.2954067445247883e-12,NVIDIA A100-SXM4-80GB,GPU-7657e9bf-9b75-a6b8-af6b-966114659e91,595.84,13020,2.5.1+cu124,True,1410,1593,500.0,64.0,False,0,False,2026-07-21T03:40:26.899246+00:00,True,1410.0,1410.0,1410.0,64.0,0,
1,796438566c67,2,2048,2048,2048,23839,409550901477376,int8,resident,sparse_struct,sparse_struct,,492.049,1.334609413985163,368.6838972090977,nvml_energy_counter,1.2014355193091456e-12,NVIDIA A100-SXM4-80GB,GPU-7657e9bf-9b75-a6b8-af6b-966114659e91,595.84,13020,2.5.1+cu124,True,1410,1593,500.0,64.0,False,0,False,2026-07-21T03:40:26.899246+00:00,False,1410.0,1410.0,1410.0,64.0,0,
1,796438566c67,3,2048,2048,2048,23839,409550901477376,int8,resident,sparse_struct,sparse_struct,,492.57,1.3346506120287813,369.0628809971863,nvml_energy_counter,1.2027076444543244e-12,NVIDIA A100-SXM4-80GB,GPU-7657e9bf-9b75-a6b8-af6b-966114659e91,595.84,13020,2.5.1+cu124,True,1410,1593,500.0,64.0,False,0,False,2026-07-21T03:40:26.899246+00:00,False,1410.0,1410.0,1410.0,64.0,0,
1,796438566c67,4,2048,2048,2048,23839,409550901477376,int8,resident,sparse_struct,sparse_struct,,529.982,1.334545151970815,397.12556687747804,nvml_energy_counter,1.294056485013687e-12,NVIDIA A100-SXM4-80GB,GPU-7657e9bf-9b75-a6b8-af6b-966114659e91,595.84,13020,2.5.1+cu124,True,1410,1593,500.0,64.0,False,0,False,2026-07-21T03:40:26.899246+00:00,False,1410.0,1410.0,1410.0,64.0,0,
1,796438566c67,0,2048,2048,2048,1533,26336739459072,fp32,streamed,dense_random,dense_random,,535.581,1.4911507929791696,359.17293041166073,nvml_energy_counter,2.0335888610369073e-11,NVIDIA A100-SXM4-80GB,GPU-7657e9bf-9b75-a6b8-af6b-966114659e91,595.84,13020,2.5.1+cu124,True,1410,1593,500.0,63.0,False,0,False,2026-07-21T03:40:38.886857+00:00,True,1410.0,1410.0,1410.0,64.0,0,
1,796438566c67,1,2048,2048,2048,1533,26336739459072,fp32,streamed,dense_random,dense_random,,533.849,1.491088985989336,358.02625129431283,nvml_energy_counter,2.027012496477082e-11,NVIDIA A100-SXM4-80GB,GPU-7657e9bf-9b75-a6b8-af6b-966114659e91,595.84,13020,2.5.1+cu124,True,1410,1593,500.0,63.0,False,0,False,2026-07-21T03:40:38.886857+00:00,False,1410.0,1410.0,1410.0,64.0,0,
1,796438566c67,2,2048,2048,2048,1533,26336739459072,fp32,streamed,dense_random,dense_random,,534.11,1.4911262260284275,358.19234527353655,nvml_energy_counter,2.0280035075337298e-11,NVIDIA A100-SXM4-80GB,GPU-7657e9bf-9b75-a6b8-af6b-966114659e91,595.84,13020,2.5.1+cu124,True,1410,1593,500.0,63.0,False,0,False,2026-07-21T03:40:38.886857+00:00,False,1410.0,1410.0,1410.0,63.0,0,
1,796438566c67,3,2048,2048,2048,1533,26336739459072,fp32,streamed,dense_random,dense_random,,533.666,1.491110706992913,357.8983086213843,nvml_energy_counter,2.0263176496442598e-11,NVIDIA A100-SXM4-80GB,GPU-7657e9bf-9b75-a6b8-af6b-966114659e91,595.84,13020,2.5.1+cu124,True,1410,1593,500.0,63.0,False,0,False,2026-07-21T03:40:38.886857+00:00,False,1410.0,1410.0,1410.0,63.0,0,
1,796438566c67,4,2048,2048,2048,1533,26336739459072,fp32,streamed,dense_random,dense_random,,533.927,1.4911589390248992,358.06176392514294,nvml_energy_counter,2.0273086607009076e-11,NVIDIA A100-SXM4-80GB,GPU-7657e9bf-9b75-a6b8-af6b-966114659e91,595.84,13020,2.5.1+cu124,True,1410,1593,500.0,63.0,False,0,False,2026-07-21T03:40:38.886857+00:00,False,1410.0,1410.0,1410.0,63.0,0,
1,796438566c67,0,2048,2048,2048,19629,337223652212736,fp16,streamed,adversarial_toggle,adversarial_toggle,,753.244,1.4577521699829958,516.7160889966545,nvml_energy_counter,2.23366301579825e-12,NVIDIA A100-SXM4-80GB,GPU-7657e9bf-9b75-a6b8-af6b-966114659e91,595.84,13020,2.5.1+cu124,True,1320,1593,500.0,73.0,False,4,False,2026-07-21T03:40:50.611998+00:00,False,1320.0,1320.0,1335.0,72.0,4,
1,796438566c67,1,2048,2048,2048,19629,337223652212736,fp16,streamed,adversarial_toggle,adversarial_toggle,,702.756,1.4583436800166965,481.8864096506759,nvml_energy_counter,2.0839463524838094e-12,NVIDIA A100-SXM4-80GB,GPU-7657e9bf-9b75-a6b8-af6b-966114659e91,595.84,13020,2.5.1+cu124,True,1320,1593,500.0,73.0,False,4,False,2026-07-21T03:40:50.611998+00:00,False,1335.0,1305.0,1335.0,72.0,4,
1,796438566c67,2,2048,2048,2048,19629,337223652212736,fp16,streamed,adversarial_toggle,adversarial_toggle,,760.136,1.4576940209954046,521.4647169101589,nvml_energy_counter,2.254100490912398e-12,NVIDIA A100-SXM4-80GB,GPU-7657e9bf-9b75-a6b8-af6b-966114659e91,595.84,13020,2.5.1+cu124,True,1320,1593,500.0,73.0,False,4,False,2026-07-21T03:40:50.611998+00:00,True,1335.0,1305.0,1350.0,73.0,4,
1,796438566c67,3,2048,2048,2048,19629,337223652212736,fp16,streamed,adversarial_toggle,adversarial_toggle,,747.448,1.4574611699790694,512.8424793716694,nvml_energy_counter,2.2164756092745115e-12,NVIDIA A100-SXM4-80GB,GPU-7657e9bf-9b75-a6b8-af6b-966114659e91,595.84,13020,2.5.1+cu124,True,1320,1593,500.0,73.0,False,4,False,2026-07-21T03:40:50.611998+00:00,False,1335.0,1305.0,1335.0,73.0,4,
1,796438566c67,4,2048,2048,2048,19629,337223652212736,fp16,streamed,adversarial_toggle,adversarial_toggle,,703.858,1.458886837004684,482.4623693535595,nvml_energy_counter,2.0872142134205175e-12,NVIDIA A100-SXM4-80GB,GPU-7657e9bf-9b75-a6b8-af6b-966114659e91,595.84,13020,2.5.1+cu124,True,1320,1593,500.0,73.0,False,4,False,2026-07-21T03:40:50.611998+00:00,False,1335.0,1305.0,1335.0,73.0,4,
1,796438566c67,0,2048,2048,2048,23999,412299680546816,int8,resident,declared_typical,declared_typical,,639.594,1.3428001790307462,476.31360941705327,nvml_energy_counter,1.5512842482723562e-12,NVIDIA A100-SXM4-80GB,GPU-7657e9bf-9b75-a6b8-af6b-966114659e91,595.84,13020,2.5.1+cu124,True,1410,1593,500.0,70.0,False,0,False,2026-07-21T03:41:01.400203+00:00,True,1410.0,1410.0,1410.0,70.0,0,
1,796438566c67,1,2048,2048,2048,23999,412299680546816,int8,resident,declared_typical,declared_typical,,592.977,1.3424384439713322,441.7163428706628,nvml_energy_counter,1.4382184318298746e-12,NVIDIA A100-SXM4-80GB,GPU-7657e9bf-9b75-a6b8-af6b-966114659e91,595.84,13020,2.5.1+cu124,True,1410,1593,500.0,70.0,False,0,False,2026-07-21T03:41:01.400203+00:00,False,1410.0,1410.0,1410.0,70.0,0,
1,796438566c67,2,2048,2048,2048,23999,412299680546816,int8,resident,declared_typical,declared_typical,,638.301,1.3424592139781453,475.471428371001,nvml_energy_counter,1.5481481798711265e-12,NVIDIA A100-SXM4-80GB,GPU-7657e9bf-9b75-a6b8-af6b-966114659e91,595.84,13020,2.5.1+cu124,True,1410,1593,500.0,70.0,False,0,False,2026-07-21T03:41:01.400203+00:00,False,1410.0,1410.0,1410.0,70.0,0,
1,796438566c67,3,2048,2048,2048,23999,412299680546816,int8,resident,declared_typical,declared_typical,,593.12,1.342743702000007,441.7224218713907,nvml_energy_counter,1.4385652669276132e-12,NVIDIA A100-SXM4-80GB,GPU-7657e9bf-9b75-a6b8-af6b-966114659e91,595.84,13020,2.5.1+cu124,True,1410,1593,500.0,70.0,False,0,False,2026-07-21T03:41:01.400203+00:00,False,1410.0,1410.0,1410.0,70.0,0,
1,796438566c67,4,2048,2048,2048,23999,412299680546816,int8,resident,declared_typical,declared_typical,,592.86,1.3437964930199087,441.1828748471192,nvml_energy_counter,1.4379346576589977e-12,NVIDIA A100-SXM4-80GB,GPU-7657e9bf-9b75-a6b8-af6b-966114659e91,595.84,13020,2.5.1+cu124,True,1410,1593,500.0,70.0,False,0,False,2026-07-21T03:41:01.400203+00:00,False,1410.0,1410.0,1410.0,70.0,0,
1,796438566c67,0,2048,2048,2048,13193,226654014144512,bf16,resident,dense_random,dense_random,,549.106,1.4091521020163782,389.6712066882457,nvml_energy_counter,2.4226617034450415e-12,NVIDIA A100-SXM4-80GB,GPU-7657e9bf-9b75-a6b8-af6b-966114659e91,595.84,13020,2.5.1+cu124,True,1410,1593,500.0,66.0,False,0,False,2026-07-21T03:41:12.722162+00:00,True,1410.0,1410.0,1410.0,67.0,0,
1,796438566c67,1,2048,2048,2048,13193,226654014144512,bf16,resident,dense_random,dense_random,,547.533,1.4092962149879895,388.5151994143873,nvml_energy_counter,2.415721610167024e-12,NVIDIA A100-SXM4-80GB,GPU-7657e9bf-9b75-a6b8-af6b-966114659e91,595.84,13020,2.5.1+cu124,True,1410,1593,500.0,66.0,False,0,False,2026-07-21T03:41:12.722162+00:00,False,1410.0,1410.0,1410.0,67.0,0,
1,796438566c67,2,2048,2048,2048,13193,226654014144512,bf16,resident,dense_random,dense_random,,547.378,1.4092275660368614,388.42413616658007,nvml_energy_counter,2.415037748464486e-12,NVIDIA A100-SXM4-80GB,GPU-7657e9bf-9b75-a6b8-af6b-966114659e91,595.84,13020,2.5.1+cu124,True,1410,1593,500.0,66.0,False,0,False,2026-07-21T03:41:12.722162+00:00,False,1410.0,1410.0,1410.0,66.0,0,
1,796438566c67,3,2048,2048,2048,13193,226654014144512,bf16,resident,dense_random,dense_random,,547.344,1.409279604034964,388.3856677077266,nvml_energy_counter,2.414887740091026e-12,NVIDIA A100-SXM4-80GB,GPU-7657e9bf-9b75-a6b8-af6b-966114659e91,595.84,13020,2.5.1+cu124,True,1410,1593,500.0,66.0,False,0,False,2026-07-21T03:41:12.722162+00:00,False,1410.0,1410.0,1410.0,66.0,0,
1,796438566c67,4,2048,2048,2048,13193,226654014144512,bf16,resident,dense_random,dense_random,,547.021,1.4091713890084065,388.186280438835,nvml_energy_counter,2.4134626605431556e-12,NVIDIA A100-SXM4-80GB,GPU-7657e9bf-9b75-a6b8-af6b-966114659e91,595.84,13020,2.5.1+cu124,True,1410,1593,500.0,66.0,False,0,False,2026-07-21T03:41:12.722162+00:00,False,1410.0,1410.0,1410.0,66.0,0,
0,796438566c67,0,2048,2048,2048,19504,335076168564736,fp16,streamed,reference_drift,reference_drift,,755.55,1.447677668009419,521.90485264506,nvml_energy_counter,2.254860449301184e-12,NVIDIA A100-SXM4-80GB,GPU-7657e9bf-9b75-a6b8-af6b-966114659e91,595.84,13020,2.5.1+cu124,True,1320,1593,500.0,74.0,False,4,False,2026-07-21T03:41:24.368320+00:00,True,1335.0,1305.0,1335.0,73.0,4,
0,796438566c67,1,2048,2048,2048,19504,335076168564736,fp16,streamed,reference_drift,reference_drift,,699.336,1.4496644670143723,482.41232085953214,nvml_energy_counter,2.0870956087254228e-12,NVIDIA A100-SXM4-80GB,GPU-7657e9bf-9b75-a6b8-af6b-966114659e91,595.84,13020,2.5.1+cu124,True,1320,1593,500.0,74.0,False,4,False,2026-07-21T03:41:24.368320+00:00,False,1320.0,1305.0,1365.0,73.0,4,
0,796438566c67,2,2048,2048,2048,19504,335076168564736,fp16,streamed,reference_drift,reference_drift,,753.831,1.4472112950170413,520.8852381097008,nvml_energy_counter,2.2497302724600108e-12,NVIDIA A100-SXM4-80GB,GPU-7657e9bf-9b75-a6b8-af6b-966114659e91,595.84,13020,2.5.1+cu124,True,1320,1593,500.0,74.0,False,4,False,2026-07-21T03:41:24.368320+00:00,False,1335.0,1320.0,1335.0,73.0,4,
0,796438566c67,3,2048,2048,2048,19504,335076168564736,fp16,streamed,reference_drift,reference_drift,,700.067,1.4502175730303861,482.73239341399955,nvml_energy_counter,2.0892772022512506e-12,NVIDIA A100-SXM4-80GB,GPU-7657e9bf-9b75-a6b8-af6b-966114659e91,595.84,13020,2.5.1+cu124,True,1320,1593,500.0,74.0,False,4,False,2026-07-21T03:41:24.368320+00:00,False,1320.0,1320.0,1335.0,74.0,4,
0,796438566c67,4,2048,2048,2048,19504,335076168564736,fp16,streamed,reference_drift,reference_drift,,753.245,1.4476058920263313,520.338445808356,nvml_energy_counter,2.2479814163640667e-12,NVIDIA A100-SXM4-80GB,GPU-7657e9bf-9b75-a6b8-af6b-966114659e91,595.84,13020,2.5.1+cu124,True,1320,1593,500.0,74.0,False,4,False,2026-07-21T03:41:24.368320+00:00,False,1335.0,1305.0,1365.0,74.0,4,
1,796438566c67,0,2048,2048,2048,1441,24756191494144,fp32,streamed,zeros,zeros,,319.559,1.402223654964473,227.89445811203092,nvml_energy_counter,1.2908245602947074e-11,NVIDIA A100-SXM4-80GB,GPU-7657e9bf-9b75-a6b8-af6b-966114659e91,595.84,13020,2.5.1+cu124,True,1410,1593,500.0,55.0,False,0,False,2026-07-21T03:41:35.643171+00:00,True,1410.0,1410.0,1410.0,58.0,0,
1,796438566c67,1,2048,2048,2048,1441,24756191494144,fp32,streamed,zeros,zeros,,318.185,1.4021194870001636,226.93144411020006,nvml_energy_counter,1.28527443357055e-11,NVIDIA A100-SXM4-80GB,GPU-7657e9bf-9b75-a6b8-af6b-966114659e91,595.84,13020,2.5.1+cu124,True,1410,1593,500.0,55.0,False,0,False,2026-07-21T03:41:35.643171+00:00,False,1410.0,1410.0,1410.0,57.0,0,
1,796438566c67,2,2048,2048,2048,1441,24756191494144,fp32,streamed,zeros,zeros,,316.919,1.4021300880121998,226.02681641993442,nvml_energy_counter,1.2801605613487283e-11,NVIDIA A100-SXM4-80GB,GPU-7657e9bf-9b75-a6b8-af6b-966114659e91,595.84,13020,2.5.1+cu124,True,1410,1593,500.0,55.0,False,0,False,2026-07-21T03:41:35.643171+00:00,False,1410.0,1410.0,1410.0,56.0,0,
1,796438566c67,3,2048,2048,2048,1441,24756191494144,fp32,streamed,zeros,zeros,,316.158,1.4021605860325508,225.47916633042522,nvml_energy_counter,1.2770865828646793e-11,NVIDIA A100-SXM4-80GB,GPU-7657e9bf-9b75-a6b8-af6b-966114659e91,595.84,13020,2.5.1+cu124,True,1410,1593,500.0,55.0,False,0,False,2026-07-21T03:41:35.643171+00:00,False,1410.0,1410.0,1410.0,56.0,0,
1,796438566c67,4,2048,2048,2048,1441,24756191494144,fp32,streamed,zeros,zeros,,312.696,1.4019218540051952,223.04809580266465,nvml_energy_counter,1.2631022024287027e-11,NVIDIA A100-SXM4-80GB,GPU-7657e9bf-9b75-a6b8-af6b-966114659e91,595.84,13020,2.5.1+cu124,True,1410,1593,500.0,55.0,False,0,False,2026-07-21T03:41:35.643171+00:00,False,1410.0,1410.0,1410.0,55.0,0,
1,796438566c67,0,2048,2048,2048,13430,230725643141120,bf16,streamed,sparse_struct,sparse_struct,,406.164,1.4454923829762265,280.9866069053371,nvml_energy_counter,1.7603764994234977e-12,NVIDIA A100-SXM4-80GB,GPU-7657e9bf-9b75-a6b8-af6b-966114659e91,595.84,13020,2.5.1+cu124,True,1410,1593,500.0,56.0,False,0,False,2026-07-21T03:41:47.256035+00:00,False,1410.0,1410.0,1410.0,57.0,0,
1,796438566c67,1,2048,2048,2048,13430,230725643141120,bf16,streamed,sparse_struct,sparse_struct,,433.937,1.4454779460211284,300.20312741157323,nvml_energy_counter,1.8807489019960763e-12,NVIDIA A100-SXM4-80GB,GPU-7657e9bf-9b75-a6b8-af6b-966114659e91,595.84,13020,2.5.1+cu124,True,1410,1593,500.0,56.0,False,0,False,2026-07-21T03:41:47.256035+00:00,False,1410.0,1410.0,1410.0,57.0,0,
1,796438566c67,2,2048,2048,2048,13430,230725643141120,bf16,streamed,sparse_struct,sparse_struct,,404.406,1.445536928018555,279.76179104212343,nvml_energy_counter,1.7527570602659494e-12,NVIDIA A100-SXM4-80GB,GPU-7657e9bf-9b75-a6b8-af6b-966114659e91,595.84,13020,2.5.1+cu124,True,1410,1593,500.0,56.0,False,0,False,2026-07-21T03:41:47.256035+00:00,False,1410.0,1410.0,1410.0,57.0,0,
1,796438566c67,3,2048,2048,2048,13430,230725643141120,bf16,streamed,sparse_struct,sparse_struct,,434.69,1.4451040989952162,300.80185939700874,nvml_energy_counter,1.88401251842704e-12,NVIDIA A100-SXM4-80GB,GPU-7657e9bf-9b75-a6b8-af6b-966114659e91,595.84,13020,2.5.1+cu124,True,1410,1593,500.0,56.0,False,0,False,2026-07-21T03:41:47.256035+00:00,True,1410.0,1410.0,1410.0,56.0,0,
1,796438566c67,4,2048,2048,2048,13430,230725643141120,bf16,streamed,sparse_struct,sparse_struct,,405.541,1.4450430930010043,280.64284170085864,nvml_energy_counter,1.757676322748212e-12,NVIDIA A100-SXM4-80GB,GPU-7657e9bf-9b75-a6b8-af6b-966114659e91,595.84,13020,2.5.1+cu124,True,1410,1593,500.0,56.0,False,0,False,2026-07-21T03:41:47.256035+00:00,False,1410.0,1410.0,1410.0,56.0,0,
1,796438566c67,0,2048,2048,2048,8669,148932285956096,tf32,streamed,zeros,zeros,,410.697,1.4523404689971358,282.7828658410881,nvml_energy_counter,2.757608918465604e-12,NVIDIA A100-SXM4-80GB,GPU-7657e9bf-9b75-a6b8-af6b-966114659e91,595.84,13020,2.5.1+cu124,True,1410,1593,500.0,55.0,False,0,False,2026-07-21T03:41:58.923233+00:00,False,1410.0,1410.0,1410.0,56.0,0,
1,796438566c67,1,2048,2048,2048,8669,148932285956096,tf32,streamed,zeros,zeros,,439.627,1.4524688320234418,302.67568591303495,nvml_energy_counter,2.9518582702047453e-12,NVIDIA A100-SXM4-80GB,GPU-7657e9bf-9b75-a6b8-af6b-966114659e91,595.84,13020,2.5.1+cu124,True,1410,1593,500.0,55.0,False,0,False,2026-07-21T03:41:58.923233+00:00,True,1410.0,1410.0,1410.0,56.0,0,
1,796438566c67,2,2048,2048,2048,8669,148932285956096,tf32,streamed,zeros,zeros,,409.393,1.452559404016938,281.84251801878537,nvml_energy_counter,2.748853261546564e-12,NVIDIA A100-SXM4-80GB,GPU-7657e9bf-9b75-a6b8-af6b-966114659e91,595.84,13020,2.5.1+cu124,True,1410,1593,500.0,55.0,False,0,False,2026-07-21T03:41:58.923233+00:00,False,1410.0,1410.0,1410.0,56.0,0,
1,796438566c67,3,2048,2048,2048,8669,148932285956096,tf32,streamed,zeros,zeros,,438.896,1.452444344991818,302.17749927104603,nvml_energy_counter,2.946949999339854e-12,NVIDIA A100-SXM4-80GB,GPU-7657e9bf-9b75-a6b8-af6b-966114659e91,595.84,13020,2.5.1+cu124,True,1410,1593,500.0,55.0,False,0,False,2026-07-21T03:41:58.923233+00:00,False,1410.0,1410.0,1410.0,56.0,0,
1,796438566c67,4,2048,2048,2048,8669,148932285956096,tf32,streamed,zeros,zeros,,409.814,1.4525343459681608,282.1372183986781,nvml_energy_counter,2.751680049554935e-12,NVIDIA A100-SXM4-80GB,GPU-7657e9bf-9b75-a6b8-af6b-966114659e91,595.84,13020,2.5.1+cu124,True,1410,1593,500.0,55.0,False,0,False,2026-07-21T03:41:58.923233+00:00,False,1410.0,1410.0,1410.0,55.0,0,
1,796438566c67,0,2048,2048,2048,1533,26336739459072,fp32,streamed,low_entropy,low_entropy,,394.65,1.490682557981927,264.7444943169347,nvml_energy_counter,1.4984770632420033e-11,NVIDIA A100-SXM4-80GB,GPU-7657e9bf-9b75-a6b8-af6b-966114659e91,595.84,13020,2.5.1+cu124,True,1410,1593,500.0,54.0,False,0,False,2026-07-21T03:42:10.908296+00:00,True,1410.0,1410.0,1410.0,55.0,0,
1,796438566c67,1,2048,2048,2048,1533,26336739459072,fp32,streamed,low_entropy,low_entropy,,393.043,1.4907861439860426,263.6481440249285,nvml_energy_counter,1.492375320835745e-11,NVIDIA A100-SXM4-80GB,GPU-7657e9bf-9b75-a6b8-af6b-966114659e91,595.84,13020,2.5.1+cu124,True,1410,1593,500.0,54.0,False,0,False,2026-07-21T03:42:10.908296+00:00,False,1410.0,1410.0,1410.0,54.0,0,
1,796438566c67,2,2048,2048,2048,1533,26336739459072,fp32,streamed,low_entropy,low_entropy,,393.23,1.490779381012544,263.7747778164979,nvml_energy_counter,1.4930853555774813e-11,NVIDIA A100-SXM4-80GB,GPU-7657e9bf-9b75-a6b8-af6b-966114659e91,595.84,13020,2.5.1+cu124,True,1410,1593,500.0,54.0,False,0,False,2026-07-21T03:42:10.908296+00:00,False,1410.0,1410.0,1410.0,54.0,0,
1,796438566c67,3,2048,2048,2048,1533,26336739459072,fp32,streamed,low_entropy,low_entropy,,366.291,1.4909413139685057,245.67767796642963,nvml_energy_counter,1.3907985860179315e-11,NVIDIA A100-SXM4-80GB,GPU-7657e9bf-9b75-a6b8-af6b-966114659e91,595.84,13020,2.5.1+cu124,True,1410,1593,500.0,54.0,False,0,False,2026-07-21T03:42:10.908296+00:00,False,1410.0,1410.0,1410.0,54.0,0,
1,796438566c67,4,2048,2048,2048,1533,26336739459072,fp32,streamed,low_entropy,low_entropy,,364.579,1.4913139779819176,244.46830471833786,nvml_energy_counter,1.3842981610026768e-11,NVIDIA A100-SXM4-80GB,GPU-7657e9bf-9b75-a6b8-af6b-966114659e91,595.84,13020,2.5.1+cu124,True,1410,1593,500.0,54.0,False,0,False,2026-07-21T03:42:10.908296+00:00,False,1410.0,1410.0,1410.0,54.0,0,
1,796438566c67,0,2048,2048,2048,25226,433379380035584,int8,resident,adversarial_toggle,adversarial_toggle,,585.425,1.404625841008965,416.78358955683166,nvml_energy_counter,1.350837227077882e-12,NVIDIA A100-SXM4-80GB,GPU-7657e9bf-9b75-a6b8-af6b-966114659e91,595.84,13020,2.5.1+cu124,True,1410,1593,500.0,64.0,False,0,False,2026-07-21T03:42:22.193207+00:00,False,1410.0,1410.0,1410.0,63.0,0,
1,796438566c67,1,2048,2048,2048,25226,433379380035584,int8,resident,adversarial_toggle,adversarial_toggle,,585.101,1.4044601280475035,416.6020724371963,nvml_energy_counter,1.3500896142127444e-12,NVIDIA A100-SXM4-80GB,GPU-7657e9bf-9b75-a6b8-af6b-966114659e91,595.84,13020,2.5.1+cu124,True,1410,1593,500.0,64.0,False,0,False,2026-07-21T03:42:22.193207+00:00,False,1410.0,1410.0,1410.0,63.0,0,
1,796438566c67,2,2048,2048,2048,25226,433379380035584,int8,resident,adversarial_toggle,adversarial_toggle,,586.108,1.4045620010001585,417.2888057505792,nvml_energy_counter,1.3524132134571693e-12,NVIDIA A100-SXM4-80GB,GPU-7657e9bf-9b75-a6b8-af6b-966114659e91,595.84,13020,2.5.1+cu124,True,1410,1593,500.0,64.0,False,0,False,2026-07-21T03:42:22.193207+00:00,False,1410.0,1410.0,1410.0,64.0,0,
1,796438566c67,3,2048,2048,2048,25226,433379380035584,int8,resident,adversarial_toggle,adversarial_toggle,,588.485,1.4044742450350896,419.0073275322306,nvml_energy_counter,1.357898015248627e-12,NVIDIA A100-SXM4-80GB,GPU-7657e9bf-9b75-a6b8-af6b-966114659e91,595.84,13020,2.5.1+cu124,True,1410,1593,500.0,64.0,False,0,False,2026-07-21T03:42:22.193207+00:00,True,1410.0,1410.0,1410.0,64.0,0,
1,796438566c67,4,2048,2048,2048,25226,433379380035584,int8,resident,adversarial_toggle,adversarial_toggle,,587.508,1.4045767290517688,418.28117172112576,nvml_energy_counter,1.355643639417641e-12,NVIDIA A100-SXM4-80GB,GPU-7657e9bf-9b75-a6b8-af6b-966114659e91,595.84,13020,2.5.1+cu124,True,1410,1593,500.0,64.0,False,0,False,2026-07-21T03:42:22.193207+00:00,False,1410.0,1410.0,1410.0,64.0,0,
1,796438566c67,0,2048,2048,2048,8558,147025320476672,tf32,resident,sparse_struct,sparse_struct,,751.582,1.4339050819980912,524.150454193732,nvml_energy_counter,5.111922201994118e-12,NVIDIA A100-SXM4-80GB,GPU-7657e9bf-9b75-a6b8-af6b-966114659e91,595.84,13020,2.5.1+cu124,True,1410,1593,500.0,70.0,False,0,False,2026-07-21T03:42:33.719068+00:00,True,1410.0,1410.0,1410.0,69.0,0,
1,796438566c67,1,2048,2048,2048,8558,147025320476672,tf32,resident,sparse_struct,sparse_struct,,699.317,1.4347820210387,487.4029572058163,nvml_energy_counter,4.756439215590475e-12,NVIDIA A100-SXM4-80GB,GPU-7657e9bf-9b75-a6b8-af6b-966114659e91,595.84,13020,2.5.1+cu124,True,1410,1593,500.0,70.0,False,0,False,2026-07-21T03:42:33.719068+00:00,False,1410.0,1395.0,1410.0,70.0,4,
1,796438566c67,2,2048,2048,2048,8558,147025320476672,tf32,resident,sparse_struct,sparse_struct,,698.897,1.4352877380442806,486.93859877345244,nvml_energy_counter,4.753582564786122e-12,NVIDIA A100-SXM4-80GB,GPU-7657e9bf-9b75-a6b8-af6b-966114659e91,595.84,13020,2.5.1+cu124,True,1410,1593,500.0,70.0,False,0,False,2026-07-21T03:42:33.719068+00:00,False,1410.0,1395.0,1410.0,70.0,4,
1,796438566c67,3,2048,2048,2048,8558,147025320476672,tf32,resident,sparse_struct,sparse_struct,,749.91,1.4353639119653963,522.4528732739094,nvml_energy_counter,5.100550011172978e-12,NVIDIA A100-SXM4-80GB,GPU-7657e9bf-9b75-a6b8-af6b-966114659e91,595.84,13020,2.5.1+cu124,True,1410,1593,500.0,70.0,False,0,False,2026-07-21T03:42:33.719068+00:00,False,1410.0,1395.0,1410.0,70.0,4,
1,796438566c67,4,2048,2048,2048,8558,147025320476672,tf32,resident,sparse_struct,sparse_struct,,698.713,1.4355737090227194,486.7134272580511,nvml_energy_counter,4.752331079671833e-12,NVIDIA A100-SXM4-80GB,GPU-7657e9bf-9b75-a6b8-af6b-966114659e91,595.84,13020,2.5.1+cu124,True,1410,1593,500.0,70.0,False,0,False,2026-07-21T03:42:33.719068+00:00,False,1410.0,1395.0,1410.0,70.0,4,
1,796438566c67,0,2048,2048,2048,13566,233062105350144,bf16,resident,sparse_struct,sparse_struct,,426.832,1.4520846839877777,293.9442889982253,nvml_energy_counter,1.831408839968828e-12,NVIDIA A100-SXM4-80GB,GPU-7657e9bf-9b75-a6b8-af6b-966114659e91,595.84,13020,2.5.1+cu124,True,1410,1593,500.0,57.0,False,0,False,2026-07-21T03:42:45.380884+00:00,True,1410.0,1410.0,1410.0,59.0,0,
1,796438566c67,1,2048,2048,2048,13566,233062105350144,bf16,resident,sparse_struct,sparse_struct,,396.593,1.4523584219859913,273.0682688214723,nvml_energy_counter,1.701662307581806e-12,NVIDIA A100-SXM4-80GB,GPU-7657e9bf-9b75-a6b8-af6b-966114659e91,595.84,13020,2.5.1+cu124,True,1410,1593,500.0,57.0,False,0,False,2026-07-21T03:42:45.380884+00:00,False,1410.0,1410.0,1410.0,58.0,0,
1,796438566c67,2,2048,2048,2048,13566,233062105350144,bf16,resident,sparse_struct,sparse_struct,,396.05,1.4523568599834107,272.69468745066126,nvml_energy_counter,1.6993324564926115e-12,NVIDIA A100-SXM4-80GB,GPU-7657e9bf-9b75-a6b8-af6b-966114659e91,595.84,13020,2.5.1+cu124,True,1410,1593,500.0,57.0,False,0,False,2026-07-21T03:42:45.380884+00:00,False,1410.0,1410.0,1410.0,58.0,0,
1,796438566c67,3,2048,2048,2048,13566,233062105350144,bf16,resident,sparse_struct,sparse_struct,,423.219,1.4524303179932758,291.386784451548,nvml_energy_counter,1.8159065342869499e-12,NVIDIA A100-SXM4-80GB,GPU-7657e9bf-9b75-a6b8-af6b-966114659e91,595.84,13020,2.5.1+cu124,True,1410,1593,500.0,57.0,False,0,False,2026-07-21T03:42:45.380884+00:00,False,1410.0,1410.0,1410.0,57.0,0,
1,796438566c67,4,2048,2048,2048,13566,233062105350144,bf16,resident,sparse_struct,sparse_struct,,394.729,1.4523747930070385,271.78177554482454,nvml_energy_counter,1.6936644393861178e-12,NVIDIA A100-SXM4-80GB,GPU-7657e9bf-9b75-a6b8-af6b-966114659e91,595.84,13020,2.5.1+cu124,True,1410,1593,500.0,57.0,False,0,False,2026-07-21T03:42:45.380884+00:00,False,1410.0,1410.0,1410.0,57.0,0,
1,796438566c67,0,2048,2048,2048,8666,148880746348544,tf32,streamed,adversarial_toggle,adversarial_toggle,,752.679,1.4811455610324629,508.1735514741236,nvml_energy_counter,5.055583199710101e-12,NVIDIA A100-SXM4-80GB,GPU-7657e9bf-9b75-a6b8-af6b-966114659e91,595.84,13020,2.5.1+cu124,True,1395,1593,500.0,71.0,False,4,False,2026-07-21T03:42:57.273952+00:00,False,1395.0,1380.0,1395.0,69.0,4,
1,796438566c67,1,2048,2048,2048,8666,148880746348544,tf32,streamed,adversarial_toggle,adversarial_toggle,,752.22,1.4817140270024538,507.66881212683177,nvml_energy_counter,5.0525001952836894e-12,NVIDIA A100-SXM4-80GB,GPU-7657e9bf-9b75-a6b8-af6b-966114659e91,595.84,13020,2.5.1+cu124,True,1395,1593,500.0,71.0,False,4,False,2026-07-21T03:42:57.273952+00:00,False,1395.0,1365.0,1395.0,70.0,4,
1,796438566c67,2,2048,2048,2048,8666,148880746348544,tf32,streamed,adversarial_toggle,adversarial_toggle,,753.035,1.481789119017776,508.1930959913914,nvml_energy_counter,5.057974375256511e-12,NVIDIA A100-SXM4-80GB,GPU-7657e9bf-9b75-a6b8-af6b-966114659e91,595.84,13020,2.5.1+cu124,True,1395,1593,500.0,71.0,False,4,False,2026-07-21T03:42:57.273952+00:00,False,1395.0,1365.0,1395.0,70.0,4,
1,796438566c67,3,2048,2048,2048,8666,148880746348544,tf32,streamed,adversarial_toggle,adversarial_toggle,,700.56,1.482912915002089,472.42153798290514,nvml_energy_counter,4.705511069644441e-12,NVIDIA A100-SXM4-80GB,GPU-7657e9bf-9b75-a6b8-af6b-966114659e91,595.84,13020,2.5.1+cu124,True,1395,1593,500.0,71.0,False,4,False,2026-07-21T03:42:57.273952+00:00,False,1395.0,1365.0,1395.0,71.0,4,
1,796438566c67,4,2048,2048,2048,8666,148880746348544,tf32,streamed,adversarial_toggle,adversarial_toggle,,754.334,1.4828181749908254,508.7164513644212,nvml_energy_counter,5.066699479286813e-12,NVIDIA A100-SXM4-80GB,GPU-7657e9bf-9b75-a6b8-af6b-966114659e91,595.84,13020,2.5.1+cu124,True,1395,1593,500.0,71.0,False,4,False,2026-07-21T03:42:57.273952+00:00,True,1395.0,1365.0,1395.0,71.0,4,
0,796438566c67,0,2048,2048,2048,19772,339680373506048,fp16,streamed,reference_drift,reference_drift,,750.746,1.4683705329662189,511.2783069021663,nvml_energy_counter,2.2101541877474205e-12,NVIDIA A100-SXM4-80GB,GPU-7657e9bf-9b75-a6b8-af6b-966114659e91,595.84,13020,2.5.1+cu124,True,1320,1593,500.0,72.0,False,4,False,2026-07-21T03:43:09.066685+00:00,False,1320.0,1320.0,1335.0,72.0,4,
0,796438566c67,1,2048,2048,2048,19772,339680373506048,fp16,streamed,reference_drift,reference_drift,,704.771,1.464704949001316,481.1692624378282,nvml_energy_counter,2.0748063620091713e-12,NVIDIA A100-SXM4-80GB,GPU-7657e9bf-9b75-a6b8-af6b-966114659e91,595.84,13020,2.5.1+cu124,True,1320,1593,500.0,72.0,False,4,False,2026-07-21T03:43:09.066685+00:00,False,1335.0,1320.0,1335.0,72.0,4,
0,796438566c67,2,2048,2048,2048,19772,339680373506048,fp16,streamed,reference_drift,reference_drift,,751.86,1.4673805799684487,512.3824113960717,nvml_energy_counter,2.2134337413716168e-12,NVIDIA A100-SXM4-80GB,GPU-7657e9bf-9b75-a6b8-af6b-966114659e91,595.84,13020,2.5.1+cu124,True,1320,1593,500.0,72.0,False,4,False,2026-07-21T03:43:09.066685+00:00,True,1320.0,1320.0,1365.0,72.0,4,
0,796438566c67,3,2048,2048,2048,19772,339680373506048,fp16,streamed,reference_drift,reference_drift,,703.541,1.4652273580431938,480.1582472085265,nvml_energy_counter,2.071185310880122e-12,NVIDIA A100-SXM4-80GB,GPU-7657e9bf-9b75-a6b8-af6b-966114659e91,595.84,13020,2.5.1+cu124,True,1320,1593,500.0,72.0,False,4,False,2026-07-21T03:43:09.066685+00:00,False,1335.0,1305.0,1350.0,73.0,4,
0,796438566c67,4,2048,2048,2048,19772,339680373506048,fp16,streamed,reference_drift,reference_drift,,702.526,1.4665800160146318,479.02330069182597,nvml_energy_counter,2.0681972077126543e-12,NVIDIA A100-SXM4-80GB,GPU-7657e9bf-9b75-a6b8-af6b-966114659e91,595.84,13020,2.5.1+cu124,True,1320,1593,500.0,72.0,False,4,False,2026-07-21T03:43:09.066685+00:00,False,1335.0,1305.0,1335.0,73.0,4,
1,796438566c67,0,2048,2048,2048,18507,317947838988288,fp16,streamed,zeros,zeros,,383.061,1.2967559530516155,295.3994536123427,nvml_energy_counter,1.2047919596462819e-12,NVIDIA A100-SXM4-80GB,GPU-7657e9bf-9b75-a6b8-af6b-966114659e91,595.84,13020,2.5.1+cu124,True,1410,1593,500.0,58.0,False,0,False,2026-07-21T03:43:19.492116+00:00,True,1410.0,1410.0,1410.0,60.0,0,
1,796438566c67,1,2048,2048,2048,18507,317947838988288,fp16,streamed,zeros,zeros,,380.969,1.2966532340506092,293.8094704085939,nvml_energy_counter,1.1982122640375406e-12,NVIDIA A100-SXM4-80GB,GPU-7657e9bf-9b75-a6b8-af6b-966114659e91,595.84,13020,2.5.1+cu124,True,1410,1593,500.0,58.0,False,0,False,2026-07-21T03:43:19.492116+00:00,False,1410.0,1410.0,1410.0,60.0,0,
1,796438566c67,2,2048,2048,2048,18507,317947838988288,fp16,streamed,zeros,zeros,,380.198,1.2964912710012868,293.2514923192434,nvml_energy_counter,1.195787337979061e-12,NVIDIA A100-SXM4-80GB,GPU-7657e9bf-9b75-a6b8-af6b-966114659e91,595.84,13020,2.5.1+cu124,True,1410,1593,500.0,58.0,False,0,False,2026-07-21T03:43:19.492116+00:00,False,1410.0,1410.0,1410.0,59.0,0,
1,796438566c67,3,2048,2048,2048,18507,317947838988288,fp16,streamed,zeros,zeros,,379.696,1.2965033940272406,292.8615549710025,nvml_energy_counter,1.194208462646562e-12,NVIDIA A100-SXM4-80GB,GPU-7657e9bf-9b75-a6b8-af6b-966114659e91,595.84,13020,2.5.1+cu124,True,1410,1593,500.0,58.0,False,0,False,2026-07-21T03:43:19.492116+00:00,False,1410.0,1410.0,1410.0,59.0,0,
1,796438566c67,4,2048,2048,2048,18507,317947838988288,fp16,streamed,zeros,zeros,,380.014,1.2964360669720918,293.12205181667514,nvml_energy_counter,1.1952086267018103e-12,NVIDIA A100-SXM4-80GB,GPU-7657e9bf-9b75-a6b8-af6b-966114659e91,595.84,13020,2.5.1+cu124,True,1410,1593,500.0,58.0,False,0,False,2026-07-21T03:43:19.492116+00:00,False,1410.0,1410.0,1410.0,58.0,0,
1,796438566c67,0,2048,2048,2048,8628,148227911319552,tf32,streamed,sparse_struct,sparse_struct,,686.455,1.4492420310270973,473.6648436241531,nvml_energy_counter,4.631077871158353e-12,NVIDIA A100-SXM4-80GB,GPU-7657e9bf-9b75-a6b8-af6b-966114659e91,595.84,13020,2.5.1+cu124,True,1410,1593,500.0,71.0,False,0,False,2026-07-21T03:43:31.130491+00:00,False,1410.0,1410.0,1410.0,69.0,0,
1,796438566c67,1,2048,2048,2048,8628,148227911319552,tf32,streamed,sparse_struct,sparse_struct,,691.872,1.4479937399737537,477.81422039334285,nvml_energy_counter,4.667622945239049e-12,NVIDIA A100-SXM4-80GB,GPU-7657e9bf-9b75-a6b8-af6b-966114659e91,595.84,13020,2.5.1+cu124,True,1410,1593,500.0,71.0,False,0,False,2026-07-21T03:43:31.130491+00:00,False,1410.0,1410.0,1410.0,70.0,0,
1,796438566c67,2,2048,2048,2048,8628,148227911319552,tf32,streamed,sparse_struct,sparse_struct,,696.852,1.447260613029357,481.4972464022032,nvml_energy_counter,4.701219856614695e-12,NVIDIA A100-SXM4-80GB,GPU-7657e9bf-9b75-a6b8-af6b-966114659e91,595.84,13020,2.5.1+cu124,True,1410,1593,500.0,71.0,False,0,False,2026-07-21T03:43:31.130491+00:00,False,1410.0,1410.0,1410.0,70.0,0,
1,796438566c67,3,2048,2048,2048,8628,148227911319552,tf32,streamed,sparse_struct,sparse_struct,,749.627,1.449160456948448,517.2836426813066,nvml_energy_counter,5.057259414415836e-12,NVIDIA A100-SXM4-80GB,GPU-7657e9bf-9b75-a6b8-af6b-966114659e91,595.84,13020,2.5.1+cu124,True,1410,1593,500.0,71.0,False,0,False,2026-07-21T03:43:31.130491+00:00,True,1410.0,1395.0,1410.0,71.0,4,
1,796438566c67,4,2048,2048,2048,8628,148227911319552,tf32,streamed,sparse_struct,sparse_struct,,699.994,1.449637039040681,482.8753551049106,nvml_energy_counter,4.722416944072984e-12,NVIDIA A100-SXM4-80GB,GPU-7657e9bf-9b75-a6b8-af6b-966114659e91,595.84,13020,2.5.1+cu124,True,1410,1593,500.0,71.0,False,0,False,2026-07-21T03:43:31.130491+00:00,False,1410.0,1395.0,1410.0,71.0,4,
1,796438566c67,0,2048,2048,2048,19818,340470647488512,fp16,resident,sparse_struct,sparse_struct,,691.647,1.410157739999704,490.47491665729905,nvml_energy_counter,2.0314438413471082e-12,NVIDIA A100-SXM4-80GB,GPU-7657e9bf-9b75-a6b8-af6b-966114659e91,595.84,13020,2.5.1+cu124,True,1380,1593,500.0,73.0,False,4,False,2026-07-21T03:43:42.465425+00:00,True,1380.0,1380.0,1380.0,73.0,4,
1,796438566c67,1,2048,2048,2048,19818,340470647488512,fp16,resident,sparse_struct,sparse_struct,,691.041,1.410139796033036,490.05141330243737,nvml_energy_counter,2.029663952230469e-12,NVIDIA A100-SXM4-80GB,GPU-7657e9bf-9b75-a6b8-af6b-966114659e91,595.84,13020,2.5.1+cu124,True,1380,1593,500.0,73.0,False,4,False,2026-07-21T03:43:42.465425+00:00,False,1380.0,1380.0,1380.0,73.0,4,
1,796438566c67,2,2048,2048,2048,19818,340470647488512,fp16,resident,sparse_struct,sparse_struct,,690.553,1.410049626021646,489.7366640551126,nvml_energy_counter,2.028230642182746e-12,NVIDIA A100-SXM4-80GB,GPU-7657e9bf-9b75-a6b8-af6b-966114659e91,595.84,13020,2.5.1+cu124,True,1380,1593,500.0,73.0,False,4,False,2026-07-21T03:43:42.465425+00:00,False,1380.0,1380.0,1395.0,73.0,4,
1,796438566c67,3,2048,2048,2048,19818,340470647488512,fp16,resident,sparse_struct,sparse_struct,,690.923,1.410181946004741,489.9530886475249,nvml_energy_counter,2.029317373161552e-12,NVIDIA A100-SXM4-80GB,GPU-7657e9bf-9b75-a6b8-af6b-966114659e91,595.84,13020,2.5.1+cu124,True,1380,1593,500.0,73.0,False,4,False,2026-07-21T03:43:42.465425+00:00,False,1380.0,1380.0,1395.0,73.0,4,
1,796438566c67,4,2048,2048,2048,19818,340470647488512,fp16,resident,sparse_struct,sparse_struct,,690.367,1.4105198149918579,489.4415467704614,nvml_energy_counter,2.027684339582589e-12,NVIDIA A100-SXM4-80GB,GPU-7657e9bf-9b75-a6b8-af6b-966114659e91,595.84,13020,2.5.1+cu124,True,1380,1593,500.0,73.0,False,4,False,2026-07-21T03:43:42.465425+00:00,False,1380.0,1380.0,1395.0,73.0,4,
1,796438566c67,0,2048,2048,2048,19549,335849262678016,fp16,streamed,sparse_struct,sparse_struct,,702.857,1.4017957500182092,501.39758234455337,nvml_energy_counter,2.0927751765643746e-12,NVIDIA A100-SXM4-80GB,GPU-7657e9bf-9b75-a6b8-af6b-966114659e91,595.84,13020,2.5.1+cu124,True,1380,1593,500.0,73.0,False,4,False,2026-07-21T03:43:53.731534+00:00,True,1380.0,1365.0,1380.0,73.0,4,
1,796438566c67,1,2048,2048,2048,19549,335849262678016,fp16,streamed,sparse_struct,sparse_struct,,698.287,1.4025769380386919,497.8600325315893,nvml_energy_counter,2.0791678815429137e-12,NVIDIA A100-SXM4-80GB,GPU-7657e9bf-9b75-a6b8-af6b-966114659e91,595.84,13020,2.5.1+cu124,True,1380,1593,500.0,73.0,False,4,False,2026-07-21T03:43:53.731534+00:00,False,1380.0,1365.0,1380.0,73.0,4,
1,796438566c67,2,2048,2048,2048,19549,335849262678016,fp16,streamed,sparse_struct,sparse_struct,,702.046,1.4010863690054975,501.07260732135876,nvml_energy_counter,2.0903604027651616e-12,NVIDIA A100-SXM4-80GB,GPU-7657e9bf-9b75-a6b8-af6b-966114659e91,595.84,13020,2.5.1+cu124,True,1380,1593,500.0,73.0,False,4,False,2026-07-21T03:43:53.731534+00:00,False,1380.0,1365.0,1380.0,73.0,4,
1,796438566c67,3,2048,2048,2048,19549,335849262678016,fp16,streamed,sparse_struct,sparse_struct,,700.958,1.4014488740358502,500.16665822521395,nvml_energy_counter,2.087120854191124e-12,NVIDIA A100-SXM4-80GB,GPU-7657e9bf-9b75-a6b8-af6b-966114659e91,595.84,13020,2.5.1+cu124,True,1380,1593,500.0,73.0,False,4,False,2026-07-21T03:43:53.731534+00:00,False,1380.0,1365.0,1380.0,73.0,4,
1,796438566c67,4,2048,2048,2048,19549,335849262678016,fp16,streamed,sparse_struct,sparse_struct,,700.522,1.402108150999993,499.6205175045755,nvml_energy_counter,2.085822652740499e-12,NVIDIA A100-SXM4-80GB,GPU-7657e9bf-9b75-a6b8-af6b-966114659e91,595.84,13020,2.5.1+cu124,True,1380,1593,500.0,73.0,False,4,False,2026-07-21T03:43:53.731534+00:00,False,1380.0,1365.0,1380.0,73.0,4,
1,796438566c67,0,2048,2048,2048,19522,335385406210048,fp16,streamed,low_entropy,low_entropy,,528.993,1.3637153489980847,387.90573149202197,nvml_energy_counter,1.5772689872757846e-12,NVIDIA A100-SXM4-80GB,GPU-7657e9bf-9b75-a6b8-af6b-966114659e91,595.84,13020,2.5.1+cu124,True,1410,1593,500.0,66.0,False,0,False,2026-07-21T03:44:04.689609+00:00,False,1410.0,1410.0,1410.0,67.0,0,
1,796438566c67,1,2048,2048,2048,19522,335385406210048,fp16,streamed,low_entropy,low_entropy,,525.578,1.3643344399752095,385.22666041439953,nvml_energy_counter,1.567086671835794e-12,NVIDIA A100-SXM4-80GB,GPU-7657e9bf-9b75-a6b8-af6b-966114659e91,595.84,13020,2.5.1+cu124,True,1410,1593,500.0,66.0,False,0,False,2026-07-21T03:44:04.689609+00:00,False,1410.0,1410.0,1410.0,67.0,0,
1,796438566c67,2,2048,2048,2048,19522,335385406210048,fp16,streamed,low_entropy,low_entropy,,567.283,1.3635162119753659,416.04419149381476,nvml_energy_counter,1.6914361492661885e-12,NVIDIA A100-SXM4-80GB,GPU-7657e9bf-9b75-a6b8-af6b-966114659e91,595.84,13020,2.5.1+cu124,True,1410,1593,500.0,66.0,False,0,False,2026-07-21T03:44:04.689609+00:00,True,1410.0,1410.0,1410.0,67.0,0,
1,796438566c67,3,2048,2048,2048,19522,335385406210048,fp16,streamed,low_entropy,low_entropy,,526.096,1.3636191160185263,385.80861313831304,nvml_energy_counter,1.5686311636067796e-12,NVIDIA A100-SXM4-80GB,GPU-7657e9bf-9b75-a6b8-af6b-966114659e91,595.84,13020,2.5.1+cu124,True,1410,1593,500.0,66.0,False,0,False,2026-07-21T03:44:04.689609+00:00,False,1410.0,1410.0,1410.0,66.0,0,
1,796438566c67,4,2048,2048,2048,19522,335385406210048,fp16,streamed,low_entropy,low_entropy,,566.397,1.3635552250198089,415.382515945969,nvml_energy_counter,1.6887944123760475e-12,NVIDIA A100-SXM4-80GB,GPU-7657e9bf-9b75-a6b8-af6b-966114659e91,595.84,13020,2.5.1+cu124,True,1410,1593,500.0,66.0,False,0,False,2026-07-21T03:44:04.689609+00:00,False,1410.0,1410.0,1410.0,66.0,0,
1,796438566c67,0,2048,2048,2048,8657,148726127525888,tf32,resident,adversarial_toggle,adversarial_toggle,,752.356,1.4783942829817533,508.90077745875976,nvml_energy_counter,5.058667313643605e-12,NVIDIA A100-SXM4-80GB,GPU-7657e9bf-9b75-a6b8-af6b-966114659e91,595.84,13020,2.5.1+cu124,True,1380,1593,500.0,72.0,False,4,False,2026-07-21T03:44:16.581769+00:00,False,1395.0,1380.0,1395.0,72.0,4,
1,796438566c67,1,2048,2048,2048,8657,148726127525888,tf32,resident,adversarial_toggle,adversarial_toggle,,752.696,1.4801090880064294,508.5408947889187,nvml_energy_counter,5.0609533948161335e-12,NVIDIA A100-SXM4-80GB,GPU-7657e9bf-9b75-a6b8-af6b-966114659e91,595.84,13020,2.5.1+cu124,True,1380,1593,500.0,72.0,False,4,False,2026-07-21T03:44:16.581769+00:00,True,1395.0,1380.0,1395.0,72.0,4,
1,796438566c67,2,2048,2048,2048,8657,148726127525888,tf32,resident,adversarial_toggle,adversarial_toggle,,700.833,1.4794686649693176,473.70587603119964,nvml_energy_counter,4.7122386070195336e-12,NVIDIA A100-SXM4-80GB,GPU-7657e9bf-9b75-a6b8-af6b-966114659e91,595.84,13020,2.5.1+cu124,True,1380,1593,500.0,72.0,False,4,False,2026-07-21T03:44:16.581769+00:00,False,1395.0,1380.0,1395.0,72.0,4,
1,796438566c67,3,2048,2048,2048,8657,148726127525888,tf32,resident,adversarial_toggle,adversarial_toggle,,700.692,1.4792470459942706,473.6815272996083,nvml_energy_counter,4.71129055570975e-12,NVIDIA A100-SXM4-80GB,GPU-7657e9bf-9b75-a6b8-af6b-966114659e91,595.84,13020,2.5.1+cu124,True,1380,1593,500.0,72.0,False,4,False,2026-07-21T03:44:16.581769+00:00,False,1395.0,1380.0,1395.0,72.0,4,
1,796438566c67,4,2048,2048,2048,8657,148726127525888,tf32,resident,adversarial_toggle,adversarial_toggle,,751.23,1.480229685024824,507.5090761927272,nvml_energy_counter,5.051096350701643e-12,NVIDIA A100-SXM4-80GB,GPU-7657e9bf-9b75-a6b8-af6b-966114659e91,595.84,13020,2.5.1+cu124,True,1380,1593,500.0,72.0,False,4,False,2026-07-21T03:44:16.581769+00:00,False,1395.0,1380.0,1395.0,73.0,4,
1,796438566c67,0,2048,2048,2048,1520,26113401159680,fp32,resident,low_entropy,low_entropy,,401.798,1.4794040620326996,271.59449558894005,nvml_energy_counter,1.5386659039282486e-11,NVIDIA A100-SXM4-80GB,GPU-7657e9bf-9b75-a6b8-af6b-966114659e91,595.84,13020,2.5.1+cu124,True,1410,1593,500.0,57.0,False,0,False,2026-07-21T03:44:28.470324+00:00,True,1410.0,1410.0,1410.0,59.0,0,
1,796438566c67,1,2048,2048,2048,1520,26113401159680,fp32,resident,low_entropy,low_entropy,,400.174,1.479394995025359,270.49841411227726,nvml_energy_counter,1.5324468748938095e-11,NVIDIA A100-SXM4-80GB,GPU-7657e9bf-9b75-a6b8-af6b-966114659e91,595.84,13020,2.5.1+cu124,True,1410,1593,500.0,57.0,False,0,False,2026-07-21T03:44:28.470324+00:00,False,1410.0,1410.0,1410.0,59.0,0,
1,796438566c67,2,2048,2048,2048,1520,26113401159680,fp32,resident,low_entropy,low_entropy,,399.636,1.479343017039355,270.14424335459483,nvml_energy_counter,1.530386630053583e-11,NVIDIA A100-SXM4-80GB,GPU-7657e9bf-9b75-a6b8-af6b-966114659e91,595.84,13020,2.5.1+cu124,True,1410,1593,500.0,57.0,False,0,False,2026-07-21T03:44:28.470324+00:00,False,1410.0,1410.0,1410.0,58.0,0,
1,796438566c67,3,2048,2048,2048,1520,26113401159680,fp32,resident,low_entropy,low_entropy,,398.494,1.4792805589968339,269.383652462949,nvml_energy_counter,1.526013396582321e-11,NVIDIA A100-SXM4-80GB,GPU-7657e9bf-9b75-a6b8-af6b-966114659e91,595.84,13020,2.5.1+cu124,True,1410,1593,500.0,57.0,False,0,False,2026-07-21T03:44:28.470324+00:00,False,1410.0,1410.0,1410.0,57.0,0,
1,796438566c67,4,2048,2048,2048,1520,26113401159680,fp32,resident,low_entropy,low_entropy,,371.387,1.4793081609532237,251.05451981059096,nvml_energy_counter,1.4222084581361789e-11,NVIDIA A100-SXM4-80GB,GPU-7657e9bf-9b75-a6b8-af6b-966114659e91,595.84,13020,2.5.1+cu124,True,1410,1593,500.0,57.0,False,0,False,2026-07-21T03:44:28.470324+00:00,False,1410.0,1410.0,1410.0,57.0,0,
1,796438566c67,0,2048,2048,2048,19203,329905027940352,fp16,resident,low_entropy,low_entropy,,537.4,1.339722945005633,401.12771226571806,nvml_energy_counter,1.6289536517678166e-12,NVIDIA A100-SXM4-80GB,GPU-7657e9bf-9b75-a6b8-af6b-966114659e91,595.84,13020,2.5.1+cu124,True,1410,1593,500.0,63.0,False,0,False,2026-07-21T03:44:39.234991+00:00,True,1410.0,1410.0,1410.0,62.0,0,
1,796438566c67,1,2048,2048,2048,19203,329905027940352,fp16,resident,low_entropy,low_entropy,,498.146,1.339744956989307,371.82151528261056,nvml_energy_counter,1.509967893214609e-12,NVIDIA A100-SXM4-80GB,GPU-7657e9bf-9b75-a6b8-af6b-966114659e91,595.84,13020,2.5.1+cu124,True,1410,1593,500.0,63.0,False,0,False,2026-07-21T03:44:39.234991+00:00,False,1410.0,1410.0,1410.0,62.0,0,
1,796438566c67,2,2048,2048,2048,19203,329905027940352,fp16,resident,low_entropy,low_entropy,,536.259,1.339742443000432,400.2702182062818,nvml_energy_counter,1.6254950806538103e-12,NVIDIA A100-SXM4-80GB,GPU-7657e9bf-9b75-a6b8-af6b-966114659e91,595.84,13020,2.5.1+cu124,True,1410,1593,500.0,63.0,False,0,False,2026-07-21T03:44:39.234991+00:00,False,1410.0,1410.0,1410.0,63.0,0,
1,796438566c67,3,2048,2048,2048,19203,329905027940352,fp16,resident,low_entropy,low_entropy,,498.441,1.339765326003544,372.0360501393372,nvml_energy_counter,1.5108620899531118e-12,NVIDIA A100-SXM4-80GB,GPU-7657e9bf-9b75-a6b8-af6b-966114659e91,595.84,13020,2.5.1+cu124,True,1410,1593,500.0,63.0,False,0,False,2026-07-21T03:44:39.234991+00:00,False,1410.0,1410.0,1410.0,63.0,0,
1,796438566c67,4,2048,2048,2048,19203,329905027940352,fp16,resident,low_entropy,low_entropy,,498.496,1.339700101991184,372.0952168765904,nvml_energy_counter,1.5110288045992734e-12,NVIDIA A100-SXM4-80GB,GPU-7657e9bf-9b75-a6b8-af6b-966114659e91,595.84,13020,2.5.1+cu124,True,1410,1593,500.0,63.0,False,0,False,2026-07-21T03:44:39.234991+00:00,False,1410.0,1410.0,1410.0,63.0,0,
0,796438566c67,0,2048,2048,2048,19782,339852172197888,fp16,streamed,reference_drift,reference_drift,,752.382,1.4686459999647923,512.2963600609246,nvml_energy_counter,2.2138507902839163e-12,NVIDIA A100-SXM4-80GB,GPU-7657e9bf-9b75-a6b8-af6b-966114659e91,595.84,13020,2.5.1+cu124,True,1320,1593,500.0,71.0,False,4,False,2026-07-21T03:44:51.029953+00:00,True,1335.0,1320.0,1350.0,70.0,4,
0,796438566c67,1,2048,2048,2048,19782,339852172197888,fp16,streamed,reference_drift,reference_drift,,702.935,1.4673017259920016,479.06643027000143,nvml_energy_counter,2.06835517764676e-12,NVIDIA A100-SXM4-80GB,GPU-7657e9bf-9b75-a6b8-af6b-966114659e91,595.84,13020,2.5.1+cu124,True,1320,1593,500.0,71.0,False,4,False,2026-07-21T03:44:51.029953+00:00,False,1335.0,1320.0,1335.0,70.0,4,
0,796438566c67,2,2048,2048,2048,19782,339852172197888,fp16,streamed,reference_drift,reference_drift,,702.5,1.4685628620209172,478.35882151702816,nvml_energy_counter,2.06707520936765e-12,NVIDIA A100-SXM4-80GB,GPU-7657e9bf-9b75-a6b8-af6b-966114659e91,595.84,13020,2.5.1+cu124,True,1320,1593,500.0,71.0,False,4,False,2026-07-21T03:44:51.029953+00:00,False,1335.0,1320.0,1335.0,71.0,4,
0,796438566c67,3,2048,2048,2048,19782,339852172197888,fp16,streamed,reference_drift,reference_drift,,751.66,1.467254467017483,512.2901425053516,nvml_energy_counter,2.211726337186175e-12,NVIDIA A100-SXM4-80GB,GPU-7657e9bf-9b75-a6b8-af6b-966114659e91,595.84,13020,2.5.1+cu124,True,1320,1593,500.0,71.0,False,4,False,2026-07-21T03:44:51.029953+00:00,False,1335.0,1305.0,1365.0,71.0,4,
0,796438566c67,4,2048,2048,2048,19782,339852172197888,fp16,streamed,reference_drift,reference_drift,,751.402,1.4689731280086562,511.51514324744835,nvml_energy_counter,2.210967183586151e-12,NVIDIA A100-SXM4-80GB,GPU-7657e9bf-9b75-a6b8-af6b-966114659e91,595.84,13020,2.5.1+cu124,True,1320,1593,500.0,71.0,False,4,False,2026-07-21T03:44:51.029953+00:00,False,1335.0,1320.0,1365.0,71.0,4,
1,796438566c67,0,2048,2048,2048,23506,403830005039104,int8,streamed,low_entropy,low_entropy,,414.317,1.3251270619803108,312.66209247951804,nvml_energy_counter,1.0259688354754137e-12,NVIDIA A100-SXM4-80GB,GPU-7657e9bf-9b75-a6b8-af6b-966114659e91,595.84,13020,2.5.1+cu124,True,1410,1593,500.0,58.0,False,0,False,2026-07-21T03:45:01.679608+00:00,False,1410.0,1410.0,1410.0,60.0,0,
1,796438566c67,1,2048,2048,2048,23506,403830005039104,int8,streamed,low_entropy,low_entropy,,444.019,1.325060706003569,335.0933266591063,nvml_energy_counter,1.0995195861114985e-12,NVIDIA A100-SXM4-80GB,GPU-7657e9bf-9b75-a6b8-af6b-966114659e91,595.84,13020,2.5.1+cu124,True,1410,1593,500.0,58.0,False,0,False,2026-07-21T03:45:01.679608+00:00,True,1410.0,1410.0,1410.0,60.0,0,
1,796438566c67,2,2048,2048,2048,23506,403830005039104,int8,streamed,low_entropy,low_entropy,,411.966,1.324908739014063,310.939152161202,nvml_energy_counter,1.0201470788682683e-12,NVIDIA A100-SXM4-80GB,GPU-7657e9bf-9b75-a6b8-af6b-966114659e91,595.84,13020,2.5.1+cu124,True,1410,1593,500.0,58.0,False,0,False,2026-07-21T03:45:01.679608+00:00,False,1410.0,1410.0,1410.0,59.0,0,
1,796438566c67,3,2048,2048,2048,23506,403830005039104,int8,streamed,low_entropy,low_entropy,,411.168,1.3249353090068325,310.33062309148534,nvml_energy_counter,1.0181709998497646e-12,NVIDIA A100-SXM4-80GB,GPU-7657e9bf-9b75-a6b8-af6b-966114659e91,595.84,13020,2.5.1+cu124,True,1410,1593,500.0,58.0,False,0,False,2026-07-21T03:45:01.679608+00:00,False,1410.0,1410.0,1410.0,59.0,0,
1,796438566c67,4,2048,2048,2048,23506,403830005039104,int8,streamed,low_entropy,low_entropy,,410.829,1.3249631220242009,310.0682525958606,nvml_energy_counter,1.0173315377103252e-12,NVIDIA A100-SXM4-80GB,GPU-7657e9bf-9b75-a6b8-af6b-966114659e91,595.84,13020,2.5.1+cu124,True,1410,1593,500.0,58.0,False,0,False,2026-07-21T03:45:01.679608+00:00,False,1410.0,1410.0,1410.0,58.0,0,
1,796438566c67,0,2048,2048,2048,25001,429513909469184,int8,resident,zeros,zeros,,347.486,1.3927413490018807,249.49786997350844,nvml_energy_counter,8.090215295459035e-13,NVIDIA A100-SXM4-80GB,GPU-7657e9bf-9b75-a6b8-af6b-966114659e91,595.84,13020,2.5.1+cu124,True,1410,1593,500.0,53.0,False,0,False,2026-07-21T03:45:12.869427+00:00,True,1410.0,1410.0,1410.0,54.0,0,
1,796438566c67,1,2048,2048,2048,25001,429513909469184,int8,resident,zeros,zeros,,346.301,1.3929051489685662,248.61779013196468,nvml_energy_counter,8.06262596775916e-13,NVIDIA A100-SXM4-80GB,GPU-7657e9bf-9b75-a6b8-af6b-966114659e91,595.84,13020,2.5.1+cu124,True,1410,1593,500.0,53.0,False,0,False,2026-07-21T03:45:12.869427+00:00,False,1410.0,1410.0,1410.0,54.0,0,
1,796438566c67,2,2048,2048,2048,25001,429513909469184,int8,resident,zeros,zeros,,345.889,1.3928237649961375,248.33651513761987,nvml_energy_counter,8.053033728930174e-13,NVIDIA A100-SXM4-80GB,GPU-7657e9bf-9b75-a6b8-af6b-966114659e91,595.84,13020,2.5.1+cu124,True,1410,1593,500.0,53.0,False,0,False,2026-07-21T03:45:12.869427+00:00,False,1410.0,1410.0,1410.0,53.0,0,
1,796438566c67,3,2048,2048,2048,25001,429513909469184,int8,resident,zeros,zeros,,345.856,1.3927715860190801,248.32212508624653,nvml_energy_counter,8.052265418538532e-13,NVIDIA A100-SXM4-80GB,GPU-7657e9bf-9b75-a6b8-af6b-966114659e91,595.84,13020,2.5.1+cu124,True,1410,1593,500.0,53.0,False,0,False,2026-07-21T03:45:12.869427+00:00,False,1410.0,1410.0,1410.0,53.0,0,
1,796438566c67,4,2048,2048,2048,25001,429513909469184,int8,resident,zeros,zeros,,345.483,1.3930067410110496,248.01243944393775,nvml_energy_counter,8.043581182899669e-13,NVIDIA A100-SXM4-80GB,GPU-7657e9bf-9b75-a6b8-af6b-966114659e91,595.84,13020,2.5.1+cu124,True,1410,1593,500.0,53.0,False,0,False,2026-07-21T03:45:12.869427+00:00,False,1410.0,1410.0,1410.0,53.0,0,
1,796438566c67,0,2048,2048,2048,19865,341278101340160,fp16,resident,zeros,zeros,,387.143,1.3905906489817426,278.4018433343304,nvml_energy_counter,1.1343915665251704e-12,NVIDIA A100-SXM4-80GB,GPU-7657e9bf-9b75-a6b8-af6b-966114659e91,595.84,13020,2.5.1+cu124,True,1410,1593,500.0,54.0,False,0,False,2026-07-21T03:45:24.044357+00:00,True,1410.0,1410.0,1410.0,54.0,0,
1,796438566c67,1,2048,2048,2048,19865,341278101340160,fp16,resident,zeros,zeros,,386.287,1.3905788370175287,277.7886371609801,nvml_energy_counter,1.131883348164137e-12,NVIDIA A100-SXM4-80GB,GPU-7657e9bf-9b75-a6b8-af6b-966114659e91,595.84,13020,2.5.1+cu124,True,1410,1593,500.0,54.0,False,0,False,2026-07-21T03:45:24.044357+00:00,False,1410.0,1410.0,1410.0,54.0,0,
1,796438566c67,2,2048,2048,2048,19865,341278101340160,fp16,resident,zeros,zeros,,386.636,1.3906952769611962,278.01633212189887,nvml_energy_counter,1.132905974575353e-12,NVIDIA A100-SXM4-80GB,GPU-7657e9bf-9b75-a6b8-af6b-966114659e91,595.84,13020,2.5.1+cu124,True,1410,1593,500.0,54.0,False,0,False,2026-07-21T03:45:24.044357+00:00,False,1410.0,1410.0,1410.0,54.0,0,
1,796438566c67,3,2048,2048,2048,19865,341278101340160,fp16,resident,zeros,zeros,,385.766,1.3906937439460307,277.391051537635,nvml_energy_counter,1.1303567339514054e-12,NVIDIA A100-SXM4-80GB,GPU-7657e9bf-9b75-a6b8-af6b-966114659e91,595.84,13020,2.5.1+cu124,True,1410,1593,500.0,54.0,False,0,False,2026-07-21T03:45:24.044357+00:00,False,1410.0,1410.0,1410.0,54.0,0,
1,796438566c67,4,2048,2048,2048,19865,341278101340160,fp16,resident,zeros,zeros,,386.121,1.3908981120330282,277.6055245596819,nvml_energy_counter,1.1313969413324413e-12,NVIDIA A100-SXM4-80GB,GPU-7657e9bf-9b75-a6b8-af6b-966114659e91,595.84,13020,2.5.1+cu124,True,1410,1593,500.0,54.0,False,0,False,2026-07-21T03:45:24.044357+00:00,False,1410.0,1410.0,1410.0,54.0,0,
1,796438566c67,0,2048,2048,2048,25123,431609853509632,int8,streamed,zeros,zeros,,363.9,1.4076137040392496,258.5226322788437,nvml_energy_counter,8.431225493138076e-13,NVIDIA A100-SXM4-80GB,GPU-7657e9bf-9b75-a6b8-af6b-966114659e91,595.84,13020,2.5.1+cu124,True,1410,1593,500.0,52.0,False,0,False,2026-07-21T03:45:35.354274+00:00,True,1410.0,1410.0,1410.0,52.0,0,
1,796438566c67,1,2048,2048,2048,25123,431609853509632,int8,streamed,zeros,zeros,,362.382,1.4084644140093587,257.2887155653704,nvml_energy_counter,8.396054841039743e-13,NVIDIA A100-SXM4-80GB,GPU-7657e9bf-9b75-a6b8-af6b-966114659e91,595.84,13020,2.5.1+cu124,True,1410,1593,500.0,52.0,False,0,False,2026-07-21T03:45:35.354274+00:00,False,1410.0,1410.0,1410.0,52.0,0,
1,796438566c67,2,2048,2048,2048,25123,431609853509632,int8,streamed,zeros,zeros,,362.773,1.407519836036954,257.7391740505997,nvml_energy_counter,8.405113948398405e-13,NVIDIA A100-SXM4-80GB,GPU-7657e9bf-9b75-a6b8-af6b-966114659e91,595.84,13020,2.5.1+cu124,True,1410,1593,500.0,52.0,False,0,False,2026-07-21T03:45:35.354274+00:00,False,1410.0,1410.0,1410.0,52.0,0,
1,796438566c67,3,2048,2048,2048,25123,431609853509632,int8,streamed,zeros,zeros,,362.504,1.4081032499670982,257.44134885596657,nvml_energy_counter,8.398881467888226e-13,NVIDIA A100-SXM4-80GB,GPU-7657e9bf-9b75-a6b8-af6b-966114659e91,595.84,13020,2.5.1+cu124,True,1410,1593,500.0,52.0,False,0,False,2026-07-21T03:45:35.354274+00:00,False,1410.0,1410.0,1410.0,52.0,0,
1,796438566c67,4,2048,2048,2048,25123,431609853509632,int8,streamed,zeros,zeros,,362.404,1.407706460042391,257.4428762578008,nvml_energy_counter,8.396564560635371e-13,NVIDIA A100-SXM4-80GB,GPU-7657e9bf-9b75-a6b8-af6b-966114659e91,595.84,13020,2.5.1+cu124,True,1410,1593,500.0,52.0,False,0,False,2026-07-21T03:45:35.354274+00:00,False,1410.0,1410.0,1410.0,52.0,0,
