experiment,sweep_id,repeat_index,M,N,K,iters,ops_nominal,dtype,locality,operand_dist_a,operand_dist_b,util_frac,energy_j,duration_s,mean_power_w,meter_method,r_j_per_op,gpu_name,gpu_uuid,driver_version,cuda_version,torch_version,persistence_mode,sm_clock_mhz,mem_clock_mhz,power_limit_w,temperature_c,throttled,throttle_reasons,clocks_locked,timestamp_utc,trimmed,sm_clock_p50_mhz,sm_clock_min_mhz,sm_clock_max_mhz,temperature_max_c,throttle_union,idle_variant,cov_dtype,cov_dist,cov_iters,cov_ops_nominal,window_pad_s
0,e2958cc757b9,0,2048,2048,2048,18170,312158223073280,fp16,streamed,reference_drift,reference_drift,,646.894,1.3065825260127895,495.1038201728315,nvml_energy_counter,2.072327275671799e-12,NVIDIA A100-SXM4-80GB,GPU-ac1cbae9-37e9-404d-a624-959b7a66e772,595.84,13020,2.5.1+cu124,True,1365,1593,500.0,60.0,False,4,False,2026-07-22T02:31:29.464268+00:00,False,1365.0,1365.0,1380.0,56.0,4,,,,0,0,0.0
0,e2958cc757b9,1,2048,2048,2048,18170,312158223073280,fp16,streamed,reference_drift,reference_drift,,647.078,1.3097063910099678,494.06340569279183,nvml_energy_counter,2.072916720339277e-12,NVIDIA A100-SXM4-80GB,GPU-ac1cbae9-37e9-404d-a624-959b7a66e772,595.84,13020,2.5.1+cu124,True,1365,1593,500.0,60.0,False,4,False,2026-07-22T02:31:29.464268+00:00,False,1365.0,1365.0,1365.0,57.0,4,,,,0,0,0.0
0,e2958cc757b9,2,2048,2048,2048,18170,312158223073280,fp16,streamed,reference_drift,reference_drift,,649.07,1.3124931350466795,494.5321104303647,nvml_energy_counter,2.0792980995654535e-12,NVIDIA A100-SXM4-80GB,GPU-ac1cbae9-37e9-404d-a624-959b7a66e772,595.84,13020,2.5.1+cu124,True,1365,1593,500.0,60.0,False,4,False,2026-07-22T02:31:29.464268+00:00,False,1365.0,1350.0,1365.0,58.0,4,,,,0,0,0.0
0,e2958cc757b9,3,2048,2048,2048,18170,312158223073280,fp16,streamed,reference_drift,reference_drift,,650.767,1.311175809998531,496.3232199965077,nvml_energy_counter,2.0847344452214886e-12,NVIDIA A100-SXM4-80GB,GPU-ac1cbae9-37e9-404d-a624-959b7a66e772,595.84,13020,2.5.1+cu124,True,1365,1593,500.0,60.0,False,4,False,2026-07-22T02:31:29.464268+00:00,False,1365.0,1350.0,1365.0,59.0,4,,,,0,0,0.0
0,e2958cc757b9,4,2048,2048,2048,18170,312158223073280,fp16,streamed,reference_drift,reference_drift,,651.177,1.3138878329773434,495.61079999073934,nvml_energy_counter,2.086047881708804e-12,NVIDIA A100-SXM4-80GB,GPU-ac1cbae9-37e9-404d-a624-959b7a66e772,595.84,13020,2.5.1+cu124,True,1365,1593,500.0,60.0,False,4,False,2026-07-22T02:31:29.464268+00:00,True,1365.0,1350.0,1380.0,60.0,4,,,,0,0,0.0
1,e2958cc757b9,0,2048,2048,2048,7463,128213363720192,tf32,resident,zeros,zeros,,336.869,1.248790108016692,269.7563007886168,nvml_energy_counter,2.627409423054918e-12,NVIDIA A100-SXM4-80GB,GPU-ac1cbae9-37e9-404d-a624-959b7a66e772,595.84,13020,2.5.1+cu124,True,1410,1593,500.0,49.0,False,0,False,2026-07-22T02:31:39.614889+00:00,False,1410.0,1410.0,1410.0,49.0,0,,,,0,0,0.0
1,e2958cc757b9,1,2048,2048,2048,7463,128213363720192,tf32,resident,zeros,zeros,,364.853,1.248439610004425,292.2472157052969,nvml_energy_counter,2.8456706026077078e-12,NVIDIA A100-SXM4-80GB,GPU-ac1cbae9-37e9-404d-a624-959b7a66e772,595.84,13020,2.5.1+cu124,True,1410,1593,500.0,49.0,False,0,False,2026-07-22T02:31:39.614889+00:00,True,1410.0,1410.0,1410.0,49.0,0,,,,0,0,0.0
1,e2958cc757b9,2,2048,2048,2048,7463,128213363720192,tf32,resident,zeros,zeros,,336.321,1.2489594069775194,269.28096951837415,nvml_energy_counter,2.623135297611989e-12,NVIDIA A100-SXM4-80GB,GPU-ac1cbae9-37e9-404d-a624-959b7a66e772,595.84,13020,2.5.1+cu124,True,1410,1593,500.0,49.0,False,0,False,2026-07-22T02:31:39.614889+00:00,False,1410.0,1410.0,1410.0,49.0,0,,,,0,0,0.0
1,e2958cc757b9,3,2048,2048,2048,7463,128213363720192,tf32,resident,zeros,zeros,,364.532,1.247983312990982,292.0968543452264,nvml_energy_counter,2.843166963434021e-12,NVIDIA A100-SXM4-80GB,GPU-ac1cbae9-37e9-404d-a624-959b7a66e772,595.84,13020,2.5.1+cu124,True,1410,1593,500.0,49.0,False,0,False,2026-07-22T02:31:39.614889+00:00,False,1410.0,1410.0,1410.0,49.0,0,,,,0,0,0.0
1,e2958cc757b9,4,2048,2048,2048,7463,128213363720192,tf32,resident,zeros,zeros,,336.87,1.248479394998867,269.82423686720574,nvml_energy_counter,2.6274172225539015e-12,NVIDIA A100-SXM4-80GB,GPU-ac1cbae9-37e9-404d-a624-959b7a66e772,595.84,13020,2.5.1+cu124,True,1410,1593,500.0,49.0,False,0,False,2026-07-22T02:31:39.614889+00:00,False,1410.0,1410.0,1410.0,49.0,0,,,,0,0,0.0
1,e2958cc757b9,0,2048,2048,2048,19771,339663193636864,fp16,streamed,dense_random,dense_random,,702.293,1.4362178330193274,488.9878010521466,nvml_energy_counter,2.0676158416823512e-12,NVIDIA A100-SXM4-80GB,GPU-ac1cbae9-37e9-404d-a624-959b7a66e772,595.84,13020,2.5.1+cu124,True,1350,1593,500.0,66.0,False,4,False,2026-07-22T02:31:51.146338+00:00,False,1350.0,1350.0,1365.0,64.0,4,,,,0,0,0.0
1,e2958cc757b9,1,2048,2048,2048,19771,339663193636864,fp16,streamed,dense_random,dense_random,,703.973,1.4348603849648498,490.62125303378934,nvml_energy_counter,2.0725619177702893e-12,NVIDIA A100-SXM4-80GB,GPU-ac1cbae9-37e9-404d-a624-959b7a66e772,595.84,13020,2.5.1+cu124,True,1350,1593,500.0,66.0,False,4,False,2026-07-22T02:31:51.146338+00:00,False,1365.0,1335.0,1380.0,64.0,4,,,,0,0,0.0
1,e2958cc757b9,2,2048,2048,2048,19771,339663193636864,fp16,streamed,dense_random,dense_random,,751.725,1.4376575669739395,522.8818164135372,nvml_energy_counter,2.2131482423841125e-12,NVIDIA A100-SXM4-80GB,GPU-ac1cbae9-37e9-404d-a624-959b7a66e772,595.84,13020,2.5.1+cu124,True,1350,1593,500.0,66.0,False,4,False,2026-07-22T02:31:51.146338+00:00,True,1350.0,1350.0,1365.0,65.0,4,,,,0,0,0.0
1,e2958cc757b9,3,2048,2048,2048,19771,339663193636864,fp16,streamed,dense_random,dense_random,,700.374,1.4357483719941229,487.81110510837266,nvml_energy_counter,2.0619661273890456e-12,NVIDIA A100-SXM4-80GB,GPU-ac1cbae9-37e9-404d-a624-959b7a66e772,595.84,13020,2.5.1+cu124,True,1350,1593,500.0,66.0,False,4,False,2026-07-22T02:31:51.146338+00:00,False,1350.0,1350.0,1380.0,66.0,4,,,,0,0,0.0
1,e2958cc757b9,4,2048,2048,2048,19771,339663193636864,fp16,streamed,dense_random,dense_random,,751.491,1.4386136520188302,522.3716589547307,nvml_energy_counter,2.2124593246432926e-12,NVIDIA A100-SXM4-80GB,GPU-ac1cbae9-37e9-404d-a624-959b7a66e772,595.84,13020,2.5.1+cu124,True,1350,1593,500.0,66.0,False,4,False,2026-07-22T02:31:51.146338+00:00,False,1350.0,1350.0,1365.0,66.0,4,,,,0,0,0.0
1,e2958cc757b9,0,2048,2048,2048,19441,333993836806144,fp16,resident,declared_typical,declared_typical,,700.326,1.4129214460263029,495.6581287442379,nvml_energy_counter,2.0968231231358973e-12,NVIDIA A100-SXM4-80GB,GPU-ac1cbae9-37e9-404d-a624-959b7a66e772,595.84,13020,2.5.1+cu124,True,1350,1593,500.0,69.0,False,4,False,2026-07-22T02:32:02.509859+00:00,False,1350.0,1350.0,1380.0,68.0,4,,,,0,0,0.0
1,e2958cc757b9,1,2048,2048,2048,19441,333993836806144,fp16,resident,declared_typical,declared_typical,,699.136,1.4120015790103935,495.1382564954297,nvml_energy_counter,2.093260183138622e-12,NVIDIA A100-SXM4-80GB,GPU-ac1cbae9-37e9-404d-a624-959b7a66e772,595.84,13020,2.5.1+cu124,True,1350,1593,500.0,69.0,False,4,False,2026-07-22T02:32:02.509859+00:00,False,1350.0,1335.0,1365.0,68.0,4,,,,0,0,0.0
1,e2958cc757b9,2,2048,2048,2048,19441,333993836806144,fp16,resident,declared_typical,declared_typical,,697.874,1.4175035690423101,492.326097260902,nvml_energy_counter,2.0894816703011757e-12,NVIDIA A100-SXM4-80GB,GPU-ac1cbae9-37e9-404d-a624-959b7a66e772,595.84,13020,2.5.1+cu124,True,1350,1593,500.0,69.0,False,4,False,2026-07-22T02:32:02.509859+00:00,False,1350.0,1350.0,1365.0,68.0,4,,,,0,0,0.0
1,e2958cc757b9,3,2048,2048,2048,19441,333993836806144,fp16,resident,declared_typical,declared_typical,,701.441,1.4154636000166647,495.55566105108016,nvml_energy_counter,2.100161508091327e-12,NVIDIA A100-SXM4-80GB,GPU-ac1cbae9-37e9-404d-a624-959b7a66e772,595.84,13020,2.5.1+cu124,True,1350,1593,500.0,69.0,False,4,False,2026-07-22T02:32:02.509859+00:00,True,1350.0,1335.0,1380.0,69.0,4,,,,0,0,0.0
1,e2958cc757b9,4,2048,2048,2048,19441,333993836806144,fp16,resident,declared_typical,declared_typical,,697.946,1.4167083869688213,492.65325625220595,nvml_energy_counter,2.089697243141347e-12,NVIDIA A100-SXM4-80GB,GPU-ac1cbae9-37e9-404d-a624-959b7a66e772,595.84,13020,2.5.1+cu124,True,1350,1593,500.0,69.0,False,4,False,2026-07-22T02:32:02.509859+00:00,False,1350.0,1350.0,1365.0,69.0,4,,,,0,0,0.0
1,e2958cc757b9,0,2048,2048,2048,13336,229110735437824,bf16,resident,zeros,zeros,,287.339,1.4258223199867643,201.52511008711613,nvml_energy_counter,1.2541490011408827e-12,NVIDIA A100-SXM4-80GB,GPU-ac1cbae9-37e9-404d-a624-959b7a66e772,595.84,13020,2.5.1+cu124,True,1410,1593,500.0,47.0,False,0,False,2026-07-22T02:32:14.174694+00:00,False,1410.0,1410.0,1410.0,51.0,0,,,,0,0,0.0
1,e2958cc757b9,1,2048,2048,2048,13336,229110735437824,bf16,resident,zeros,zeros,,303.651,1.4276562739978544,212.69195220897853,nvml_energy_counter,1.325346014099827e-12,NVIDIA A100-SXM4-80GB,GPU-ac1cbae9-37e9-404d-a624-959b7a66e772,595.84,13020,2.5.1+cu124,True,1410,1593,500.0,47.0,False,0,False,2026-07-22T02:32:14.174694+00:00,True,1410.0,1410.0,1410.0,50.0,0,,,,0,0,0.0
1,e2958cc757b9,2,2048,2048,2048,13336,229110735437824,bf16,resident,zeros,zeros,,283.049,1.4245984010049142,198.68687189339587,nvml_energy_counter,1.2354244311559713e-12,NVIDIA A100-SXM4-80GB,GPU-ac1cbae9-37e9-404d-a624-959b7a66e772,595.84,13020,2.5.1+cu124,True,1410,1593,500.0,47.0,False,0,False,2026-07-22T02:32:14.174694+00:00,False,1410.0,1410.0,1410.0,49.0,0,,,,0,0,0.0
1,e2958cc757b9,3,2048,2048,2048,13336,229110735437824,bf16,resident,zeros,zeros,,282.137,1.4263255539699458,197.8068746049718,nvml_energy_counter,1.2314438232710674e-12,NVIDIA A100-SXM4-80GB,GPU-ac1cbae9-37e9-404d-a624-959b7a66e772,595.84,13020,2.5.1+cu124,True,1410,1593,500.0,47.0,False,0,False,2026-07-22T02:32:14.174694+00:00,False,1410.0,1410.0,1410.0,48.0,0,,,,0,0,0.0
1,e2958cc757b9,4,2048,2048,2048,13336,229110735437824,bf16,resident,zeros,zeros,,281.64,1.426055516989436,197.495817410092,nvml_energy_counter,1.2292745665618596e-12,NVIDIA A100-SXM4-80GB,GPU-ac1cbae9-37e9-404d-a624-959b7a66e772,595.84,13020,2.5.1+cu124,True,1410,1593,500.0,47.0,False,0,False,2026-07-22T02:32:14.174694+00:00,False,1410.0,1410.0,1410.0,48.0,0,,,,0,0,0.0
1,e2958cc757b9,0,2048,2048,2048,13537,232563889143808,bf16,streamed,low_entropy,low_entropy,,386.147,1.4530677179573104,265.7460455751069,nvml_energy_counter,1.660391049623454e-12,NVIDIA A100-SXM4-80GB,GPU-ac1cbae9-37e9-404d-a624-959b7a66e772,595.84,13020,2.5.1+cu124,True,1410,1593,500.0,51.0,False,0,False,2026-07-22T02:32:26.033331+00:00,False,1410.0,1410.0,1410.0,51.0,0,,,,0,0,0.0
1,e2958cc757b9,1,2048,2048,2048,13537,232563889143808,bf16,streamed,low_entropy,low_entropy,,413.385,1.4527928120223805,284.54504770335535,nvml_energy_counter,1.7775115540159359e-12,NVIDIA A100-SXM4-80GB,GPU-ac1cbae9-37e9-404d-a624-959b7a66e772,595.84,13020,2.5.1+cu124,True,1410,1593,500.0,51.0,False,0,False,2026-07-22T02:32:26.033331+00:00,False,1410.0,1410.0,1410.0,51.0,0,,,,0,0,0.0
1,e2958cc757b9,2,2048,2048,2048,13537,232563889143808,bf16,streamed,low_entropy,low_entropy,,385.405,1.4532096639741212,265.20949423500616,nvml_energy_counter,1.6572005285037236e-12,NVIDIA A100-SXM4-80GB,GPU-ac1cbae9-37e9-404d-a624-959b7a66e772,595.84,13020,2.5.1+cu124,True,1410,1593,500.0,51.0,False,0,False,2026-07-22T02:32:26.033331+00:00,False,1410.0,1410.0,1410.0,51.0,0,,,,0,0,0.0
1,e2958cc757b9,3,2048,2048,2048,13537,232563889143808,bf16,streamed,low_entropy,low_entropy,,413.475,1.4531304860138334,284.5408612506832,nvml_energy_counter,1.7778985444482484e-12,NVIDIA A100-SXM4-80GB,GPU-ac1cbae9-37e9-404d-a624-959b7a66e772,595.84,13020,2.5.1+cu124,True,1410,1593,500.0,51.0,False,0,False,2026-07-22T02:32:26.033331+00:00,True,1410.0,1410.0,1410.0,51.0,0,,,,0,0,0.0
1,e2958cc757b9,4,2048,2048,2048,13537,232563889143808,bf16,streamed,low_entropy,low_entropy,,385.917,1.4517172719934024,265.8348202126742,nvml_energy_counter,1.6594020740742114e-12,NVIDIA A100-SXM4-80GB,GPU-ac1cbae9-37e9-404d-a624-959b7a66e772,595.84,13020,2.5.1+cu124,True,1410,1593,500.0,51.0,False,0,False,2026-07-22T02:32:26.033331+00:00,False,1410.0,1410.0,1410.0,51.0,0,,,,0,0,0.0
1,e2958cc757b9,0,2048,2048,2048,13554,232855946919936,bf16,streamed,zeros,zeros,,291.4,1.4550009180093184,200.2747877291262,nvml_energy_counter,1.2514174701331269e-12,NVIDIA A100-SXM4-80GB,GPU-ac1cbae9-37e9-404d-a624-959b7a66e772,595.84,13020,2.5.1+cu124,True,1410,1593,500.0,45.0,False,0,False,2026-07-22T02:32:37.731142+00:00,False,1410.0,1410.0,1410.0,46.0,0,,,,0,0,0.0
1,e2958cc757b9,1,2048,2048,2048,13554,232855946919936,bf16,streamed,zeros,zeros,,310.377,1.457189787994139,212.9969634410095,nvml_energy_counter,1.3329142077127987e-12,NVIDIA A100-SXM4-80GB,GPU-ac1cbae9-37e9-404d-a624-959b7a66e772,595.84,13020,2.5.1+cu124,True,1410,1593,500.0,45.0,False,0,False,2026-07-22T02:32:37.731142+00:00,False,1410.0,1410.0,1410.0,46.0,0,,,,0,0,0.0
1,e2958cc757b9,2,2048,2048,2048,13554,232855946919936,bf16,streamed,zeros,zeros,,289.139,1.4557880659704097,198.6133880052545,nvml_energy_counter,1.2417076043130481e-12,NVIDIA A100-SXM4-80GB,GPU-ac1cbae9-37e9-404d-a624-959b7a66e772,595.84,13020,2.5.1+cu124,True,1410,1593,500.0,45.0,False,0,False,2026-07-22T02:32:37.731142+00:00,False,1410.0,1410.0,1410.0,46.0,0,,,,0,0,0.0
1,e2958cc757b9,3,2048,2048,2048,13554,232855946919936,bf16,streamed,zeros,zeros,,310.932,1.4555848839809187,213.61310042573652,nvml_energy_counter,1.335297655536834e-12,NVIDIA A100-SXM4-80GB,GPU-ac1cbae9-37e9-404d-a624-959b7a66e772,595.84,13020,2.5.1+cu124,True,1410,1593,500.0,45.0,False,0,False,2026-07-22T02:32:37.731142+00:00,True,1410.0,1410.0,1410.0,46.0,0,,,,0,0,0.0
1,e2958cc757b9,4,2048,2048,2048,13554,232855946919936,bf16,streamed,zeros,zeros,,309.629,1.45658583403565,212.57175016053455,nvml_energy_counter,1.329701921276081e-12,NVIDIA A100-SXM4-80GB,GPU-ac1cbae9-37e9-404d-a624-959b7a66e772,595.84,13020,2.5.1+cu124,True,1410,1593,500.0,45.0,False,0,False,2026-07-22T02:32:37.731142+00:00,False,1410.0,1410.0,1410.0,46.0,0,,,,0,0,0.0
1,e2958cc757b9,0,2048,2048,2048,13543,232666968358912,bf16,streamed,declared_typical,declared_typical,,563.453,1.455147443979513,387.2136822500118,nvml_energy_counter,2.421714624874544e-12,NVIDIA A100-SXM4-80GB,GPU-ac1cbae9-37e9-404d-a624-959b7a66e772,595.84,13020,2.5.1+cu124,True,1410,1593,500.0,58.0,False,0,False,2026-07-22T02:32:49.418660+00:00,False,1410.0,1410.0,1410.0,56.0,0,,,,0,0,0.0
1,e2958cc757b9,1,2048,2048,2048,13543,232666968358912,bf16,streamed,declared_typical,declared_typical,,526.755,1.4541186509886757,362.2503566967193,nvml_energy_counter,2.2639870356991452e-12,NVIDIA A100-SXM4-80GB,GPU-ac1cbae9-37e9-404d-a624-959b7a66e772,595.84,13020,2.5.1+cu124,True,1410,1593,500.0,58.0,False,0,False,2026-07-22T02:32:49.418660+00:00,False,1410.0,1410.0,1410.0,57.0,0,,,,0,0,0.0
1,e2958cc757b9,2,2048,2048,2048,13543,232666968358912,bf16,streamed,declared_typical,declared_typical,,565.252,1.4558013010537252,388.2755150657334,nvml_energy_counter,2.429446706539118e-12,NVIDIA A100-SXM4-80GB,GPU-ac1cbae9-37e9-404d-a624-959b7a66e772,595.84,13020,2.5.1+cu124,True,1410,1593,500.0,58.0,False,0,False,2026-07-22T02:32:49.418660+00:00,False,1410.0,1410.0,1410.0,57.0,0,,,,0,0,0.0
1,e2958cc757b9,3,2048,2048,2048,13543,232666968358912,bf16,streamed,declared_typical,declared_typical,,527.761,1.4545044049737044,362.84592758558284,nvml_energy_counter,2.268310812327584e-12,NVIDIA A100-SXM4-80GB,GPU-ac1cbae9-37e9-404d-a624-959b7a66e772,595.84,13020,2.5.1+cu124,True,1410,1593,500.0,58.0,False,0,False,2026-07-22T02:32:49.418660+00:00,False,1410.0,1410.0,1410.0,57.0,0,,,,0,0,0.0
1,e2958cc757b9,4,2048,2048,2048,13543,232666968358912,bf16,streamed,declared_typical,declared_typical,,566.012,1.4560107039869763,388.7416476060898,nvml_energy_counter,2.4327131779482767e-12,NVIDIA A100-SXM4-80GB,GPU-ac1cbae9-37e9-404d-a624-959b7a66e772,595.84,13020,2.5.1+cu124,True,1410,1593,500.0,58.0,False,0,False,2026-07-22T02:32:49.418660+00:00,True,1410.0,1410.0,1410.0,58.0,0,,,,0,0,0.0
1,e2958cc757b9,0,2048,2048,2048,1538,26422638804992,fp32,resident,declared_typical,declared_typical,,472.778,1.4945913570118137,316.3259293464943,nvml_energy_counter,1.78929138565327e-11,NVIDIA A100-SXM4-80GB,GPU-ac1cbae9-37e9-404d-a624-959b7a66e772,595.84,13020,2.5.1+cu124,True,1410,1593,500.0,57.0,False,0,False,2026-07-22T02:33:01.438401+00:00,False,1410.0,1410.0,1410.0,57.0,0,,,,0,0,0.0
1,e2958cc757b9,1,2048,2048,2048,1538,26422638804992,fp32,resident,declared_typical,declared_typical,,505.761,1.4950476529775187,338.2908892520801,nvml_energy_counter,1.914119947415877e-11,NVIDIA A100-SXM4-80GB,GPU-ac1cbae9-37e9-404d-a624-959b7a66e772,595.84,13020,2.5.1+cu124,True,1410,1593,500.0,57.0,False,0,False,2026-07-22T02:33:01.438401+00:00,False,1410.0,1410.0,1410.0,57.0,0,,,,0,0,0.0
1,e2958cc757b9,2,2048,2048,2048,1538,26422638804992,fp32,resident,declared_typical,declared_typical,,505.38,1.4954061740427278,337.9550043141389,nvml_energy_counter,1.912678002109763e-11,NVIDIA A100-SXM4-80GB,GPU-ac1cbae9-37e9-404d-a624-959b7a66e772,595.84,13020,2.5.1+cu124,True,1410,1593,500.0,57.0,False,0,False,2026-07-22T02:33:01.438401+00:00,False,1410.0,1410.0,1410.0,57.0,0,,,,0,0,0.0
1,e2958cc757b9,3,2048,2048,2048,1538,26422638804992,fp32,resident,declared_typical,declared_typical,,504.88,1.4948505660286173,337.7461342783708,nvml_energy_counter,1.9107856854350732e-11,NVIDIA A100-SXM4-80GB,GPU-ac1cbae9-37e9-404d-a624-959b7a66e772,595.84,13020,2.5.1+cu124,True,1410,1593,500.0,57.0,False,0,False,2026-07-22T02:33:01.438401+00:00,False,1410.0,1410.0,1410.0,57.0,0,,,,0,0,0.0
1,e2958cc757b9,4,2048,2048,2048,1538,26422638804992,fp32,resident,declared_typical,declared_typical,,505.763,1.495223216013983,338.2525061029217,nvml_energy_counter,1.9141275166825757e-11,NVIDIA A100-SXM4-80GB,GPU-ac1cbae9-37e9-404d-a624-959b7a66e772,595.84,13020,2.5.1+cu124,True,1410,1593,500.0,57.0,False,0,False,2026-07-22T02:33:01.438401+00:00,True,1410.0,1410.0,1410.0,57.0,0,,,,0,0,0.0
0,e2958cc757b9,0,2048,2048,2048,19963,342961728520192,fp16,streamed,reference_drift,reference_drift,,700.954,1.4562080000177957,481.35568544564643,nvml_energy_counter,2.0438257149696254e-12,NVIDIA A100-SXM4-80GB,GPU-ac1cbae9-37e9-404d-a624-959b7a66e772,595.84,13020,2.5.1+cu124,True,1335,1593,500.0,69.0,False,4,False,2026-07-22T02:33:13.139830+00:00,False,1350.0,1320.0,1380.0,67.0,4,,,,0,0,0.0
0,e2958cc757b9,1,2048,2048,2048,19963,342961728520192,fp16,streamed,reference_drift,reference_drift,,751.249,1.4588671929668635,514.9536596763155,nvml_energy_counter,2.190474730931297e-12,NVIDIA A100-SXM4-80GB,GPU-ac1cbae9-37e9-404d-a624-959b7a66e772,595.84,13020,2.5.1+cu124,True,1335,1593,500.0,69.0,False,4,False,2026-07-22T02:33:13.139830+00:00,True,1350.0,1335.0,1380.0,68.0,4,,,,0,0,0.0
0,e2958cc757b9,2,2048,2048,2048,19963,342961728520192,fp16,streamed,reference_drift,reference_drift,,702.831,1.4608150100102648,481.12252077356555,nvml_energy_counter,2.049298628837009e-12,NVIDIA A100-SXM4-80GB,GPU-ac1cbae9-37e9-404d-a624-959b7a66e772,595.84,13020,2.5.1+cu124,True,1335,1593,500.0,69.0,False,4,False,2026-07-22T02:33:13.139830+00:00,False,1350.0,1335.0,1350.0,68.0,4,,,,0,0,0.0
0,e2958cc757b9,3,2048,2048,2048,19963,342961728520192,fp16,streamed,reference_drift,reference_drift,,749.946,1.463126590999309,512.5639877051174,nvml_energy_counter,2.186675473195974e-12,NVIDIA A100-SXM4-80GB,GPU-ac1cbae9-37e9-404d-a624-959b7a66e772,595.84,13020,2.5.1+cu124,True,1335,1593,500.0,69.0,False,4,False,2026-07-22T02:33:13.139830+00:00,False,1350.0,1335.0,1350.0,68.0,4,,,,0,0,0.0
0,e2958cc757b9,4,2048,2048,2048,19963,342961728520192,fp16,streamed,reference_drift,reference_drift,,702.271,1.4610412240144797,480.66473995195093,nvml_energy_counter,2.047665793586218e-12,NVIDIA A100-SXM4-80GB,GPU-ac1cbae9-37e9-404d-a624-959b7a66e772,595.84,13020,2.5.1+cu124,True,1335,1593,500.0,69.0,False,4,False,2026-07-22T02:33:13.139830+00:00,False,1350.0,1335.0,1365.0,69.0,4,,,,0,0,0.0
1,e2958cc757b9,0,2048,2048,2048,1458,25048249270272,fp32,streamed,sparse_struct,sparse_struct,,415.058,1.4176744589931332,292.7738433651293,nvml_energy_counter,1.6570339727998596e-11,NVIDIA A100-SXM4-80GB,GPU-ac1cbae9-37e9-404d-a624-959b7a66e772,595.84,13020,2.5.1+cu124,True,1410,1593,500.0,57.0,False,0,False,2026-07-22T02:33:24.566104+00:00,True,1410.0,1410.0,1410.0,58.0,0,,,,0,0,0.0
1,e2958cc757b9,1,2048,2048,2048,1458,25048249270272,fp32,streamed,sparse_struct,sparse_struct,,413.162,1.418379021983128,291.2916742256462,nvml_energy_counter,1.6494645815041167e-11,NVIDIA A100-SXM4-80GB,GPU-ac1cbae9-37e9-404d-a624-959b7a66e772,595.84,13020,2.5.1+cu124,True,1410,1593,500.0,57.0,False,0,False,2026-07-22T02:33:24.566104+00:00,False,1410.0,1410.0,1410.0,57.0,0,,,,0,0,0.0
1,e2958cc757b9,2,2048,2048,2048,1458,25048249270272,fp32,streamed,sparse_struct,sparse_struct,,413.74,1.4177562319673598,291.82731887968544,nvml_energy_counter,1.651772128006722e-11,NVIDIA A100-SXM4-80GB,GPU-ac1cbae9-37e9-404d-a624-959b7a66e772,595.84,13020,2.5.1+cu124,True,1410,1593,500.0,57.0,False,0,False,2026-07-22T02:33:24.566104+00:00,False,1410.0,1410.0,1410.0,57.0,0,,,,0,0,0.0
1,e2958cc757b9,3,2048,2048,2048,1458,25048249270272,fp32,streamed,sparse_struct,sparse_struct,,413.525,1.4176058510201983,291.70661203352216,nvml_energy_counter,1.6509137845844724e-11,NVIDIA A100-SXM4-80GB,GPU-ac1cbae9-37e9-404d-a624-959b7a66e772,595.84,13020,2.5.1+cu124,True,1410,1593,500.0,57.0,False,0,False,2026-07-22T02:33:24.566104+00:00,False,1410.0,1410.0,1410.0,57.0,0,,,,0,0,0.0
1,e2958cc757b9,4,2048,2048,2048,1458,25048249270272,fp32,streamed,sparse_struct,sparse_struct,,413.643,1.4182071500108577,291.6661363587351,nvml_energy_counter,1.6513848753929628e-11,NVIDIA A100-SXM4-80GB,GPU-ac1cbae9-37e9-404d-a624-959b7a66e772,595.84,13020,2.5.1+cu124,True,1410,1593,500.0,57.0,False,0,False,2026-07-22T02:33:24.566104+00:00,False,1410.0,1410.0,1410.0,57.0,0,,,,0,0,0.0
1,e2958cc757b9,0,2048,2048,2048,25052,430390082797568,int8,resident,low_entropy,low_entropy,,405.707,1.4008465629885904,289.6155872592196,nvml_energy_counter,9.426495084711849e-13,NVIDIA A100-SXM4-80GB,GPU-ac1cbae9-37e9-404d-a624-959b7a66e772,595.84,13020,2.5.1+cu124,True,1410,1593,500.0,54.0,False,0,False,2026-07-22T02:33:35.961775+00:00,True,1410.0,1410.0,1410.0,55.0,0,,,,0,0,0.0
1,e2958cc757b9,1,2048,2048,2048,25052,430390082797568,int8,resident,low_entropy,low_entropy,,403.887,1.4015981239499524,288.1617726925709,nvml_energy_counter,9.384207864983879e-13,NVIDIA A100-SXM4-80GB,GPU-ac1cbae9-37e9-404d-a624-959b7a66e772,595.84,13020,2.5.1+cu124,True,1410,1593,500.0,54.0,False,0,False,2026-07-22T02:33:35.961775+00:00,False,1410.0,1410.0,1410.0,55.0,0,,,,0,0,0.0
1,e2958cc757b9,2,2048,2048,2048,25052,430390082797568,int8,resident,low_entropy,low_entropy,,404.762,1.4023354479577392,288.634221283835,nvml_energy_counter,9.404538259083864e-13,NVIDIA A100-SXM4-80GB,GPU-ac1cbae9-37e9-404d-a624-959b7a66e772,595.84,13020,2.5.1+cu124,True,1410,1593,500.0,54.0,False,0,False,2026-07-22T02:33:35.961775+00:00,False,1410.0,1410.0,1410.0,55.0,0,,,,0,0,0.0
1,e2958cc757b9,3,2048,2048,2048,25052,430390082797568,int8,resident,low_entropy,low_entropy,,404.416,1.4005210109753534,288.7611087807643,nvml_energy_counter,9.396499040388326e-13,NVIDIA A100-SXM4-80GB,GPU-ac1cbae9-37e9-404d-a624-959b7a66e772,595.84,13020,2.5.1+cu124,True,1410,1593,500.0,54.0,False,0,False,2026-07-22T02:33:35.961775+00:00,False,1410.0,1410.0,1410.0,55.0,0,,,,0,0,0.0
1,e2958cc757b9,4,2048,2048,2048,25052,430390082797568,int8,resident,low_entropy,low_entropy,,404.862,1.3987448569969274,289.4466406612778,nvml_energy_counter,9.406861732695292e-13,NVIDIA A100-SXM4-80GB,GPU-ac1cbae9-37e9-404d-a624-959b7a66e772,595.84,13020,2.5.1+cu124,True,1410,1593,500.0,54.0,False,0,False,2026-07-22T02:33:35.961775+00:00,False,1410.0,1410.0,1410.0,54.0,0,,,,0,0,0.0
1,e2958cc757b9,0,2048,2048,2048,25078,430836759396352,int8,streamed,sparse_struct,sparse_struct,,531.155,1.4135380330262706,375.76279349402444,nvml_energy_counter,1.232845128498795e-12,NVIDIA A100-SXM4-80GB,GPU-ac1cbae9-37e9-404d-a624-959b7a66e772,595.84,13020,2.5.1+cu124,True,1410,1593,500.0,60.0,False,0,False,2026-07-22T02:33:47.319642+00:00,False,1410.0,1410.0,1410.0,59.0,0,,,,0,0,0.0
1,e2958cc757b9,1,2048,2048,2048,25078,430836759396352,int8,streamed,sparse_struct,sparse_struct,,531.019,1.4137845449731685,375.6010786000479,nvml_energy_counter,1.2325294636976054e-12,NVIDIA A100-SXM4-80GB,GPU-ac1cbae9-37e9-404d-a624-959b7a66e772,595.84,13020,2.5.1+cu124,True,1410,1593,500.0,60.0,False,0,False,2026-07-22T02:33:47.319642+00:00,False,1410.0,1410.0,1410.0,59.0,0,,,,0,0,0.0
1,e2958cc757b9,2,2048,2048,2048,25078,430836759396352,int8,streamed,sparse_struct,sparse_struct,,530.948,1.4137684949673712,375.5551222778195,nvml_energy_counter,1.2323646681028668e-12,NVIDIA A100-SXM4-80GB,GPU-ac1cbae9-37e9-404d-a624-959b7a66e772,595.84,13020,2.5.1+cu124,True,1410,1593,500.0,60.0,False,0,False,2026-07-22T02:33:47.319642+00:00,False,1410.0,1410.0,1410.0,60.0,0,,,,0,0,0.0
1,e2958cc757b9,3,2048,2048,2048,25078,430836759396352,int8,streamed,sparse_struct,sparse_struct,,531.087,1.414599173993338,375.43285035348197,nvml_energy_counter,1.2326872960982003e-12,NVIDIA A100-SXM4-80GB,GPU-ac1cbae9-37e9-404d-a624-959b7a66e772,595.84,13020,2.5.1+cu124,True,1410,1593,500.0,60.0,False,0,False,2026-07-22T02:33:47.319642+00:00,False,1410.0,1410.0,1410.0,60.0,0,,,,0,0,0.0
1,e2958cc757b9,4,2048,2048,2048,25078,430836759396352,int8,streamed,sparse_struct,sparse_struct,,531.435,1.413876518025063,375.8708721906785,nvml_energy_counter,1.233495026618891e-12,NVIDIA A100-SXM4-80GB,GPU-ac1cbae9-37e9-404d-a624-959b7a66e772,595.84,13020,2.5.1+cu124,True,1410,1593,500.0,60.0,False,0,False,2026-07-22T02:33:47.319642+00:00,True,1410.0,1410.0,1410.0,60.0,0,,,,0,0,0.0
1,e2958cc757b9,0,2048,2048,2048,24862,427125907652608,int8,streamed,adversarial_toggle,adversarial_toggle,,585.819,1.4017920480109751,417.9072073002752,nvml_energy_counter,1.3715370327675393e-12,NVIDIA A100-SXM4-80GB,GPU-ac1cbae9-37e9-404d-a624-959b7a66e772,595.84,13020,2.5.1+cu124,True,1410,1593,500.0,64.0,False,0,False,2026-07-22T02:33:58.580444+00:00,False,1410.0,1410.0,1410.0,63.0,0,,,,0,0,0.0
1,e2958cc757b9,1,2048,2048,2048,24862,427125907652608,int8,streamed,adversarial_toggle,adversarial_toggle,,585.88,1.4010499339783564,418.1721049273114,nvml_energy_counter,1.3716798477991426e-12,NVIDIA A100-SXM4-80GB,GPU-ac1cbae9-37e9-404d-a624-959b7a66e772,595.84,13020,2.5.1+cu124,True,1410,1593,500.0,64.0,False,0,False,2026-07-22T02:33:58.580444+00:00,False,1410.0,1410.0,1410.0,63.0,0,,,,0,0,0.0
1,e2958cc757b9,2,2048,2048,2048,24862,427125907652608,int8,streamed,adversarial_toggle,adversarial_toggle,,587.38,1.4006952189956792,419.3489004846899,nvml_energy_counter,1.3751916928385682e-12,NVIDIA A100-SXM4-80GB,GPU-ac1cbae9-37e9-404d-a624-959b7a66e772,595.84,13020,2.5.1+cu124,True,1410,1593,500.0,64.0,False,0,False,2026-07-22T02:33:58.580444+00:00,True,1410.0,1410.0,1410.0,63.0,0,,,,0,0,0.0
1,e2958cc757b9,3,2048,2048,2048,24862,427125907652608,int8,streamed,adversarial_toggle,adversarial_toggle,,585.874,1.4033169509493746,417.4922846928083,nvml_energy_counter,1.371665800418985e-12,NVIDIA A100-SXM4-80GB,GPU-ac1cbae9-37e9-404d-a624-959b7a66e772,595.84,13020,2.5.1+cu124,True,1410,1593,500.0,64.0,False,0,False,2026-07-22T02:33:58.580444+00:00,False,1410.0,1410.0,1410.0,63.0,0,,,,0,0,0.0
1,e2958cc757b9,4,2048,2048,2048,24862,427125907652608,int8,streamed,adversarial_toggle,adversarial_toggle,,585.289,1.4044195909518749,416.7479603465999,nvml_energy_counter,1.370296180853609e-12,NVIDIA A100-SXM4-80GB,GPU-ac1cbae9-37e9-404d-a624-959b7a66e772,595.84,13020,2.5.1+cu124,True,1410,1593,500.0,64.0,False,0,False,2026-07-22T02:33:58.580444+00:00,False,1410.0,1410.0,1410.0,64.0,0,,,,0,0,0.0
1,e2958cc757b9,0,2048,2048,2048,8663,148829206740992,tf32,streamed,declared_typical,declared_typical,,750.49,1.484753423021175,505.46440126933913,nvml_energy_counter,5.042625815415924e-12,NVIDIA A100-SXM4-80GB,GPU-ac1cbae9-37e9-404d-a624-959b7a66e772,595.84,13020,2.5.1+cu124,True,1380,1593,500.0,69.0,False,4,False,2026-07-22T02:34:10.512747+00:00,True,1395.0,1380.0,1395.0,68.0,4,,,,0,0,0.0
1,e2958cc757b9,1,2048,2048,2048,8663,148829206740992,tf32,streamed,declared_typical,declared_typical,,747.868,1.4871398429968394,502.89016431226736,nvml_energy_counter,5.025008305671597e-12,NVIDIA A100-SXM4-80GB,GPU-ac1cbae9-37e9-404d-a624-959b7a66e772,595.84,13020,2.5.1+cu124,True,1380,1593,500.0,69.0,False,4,False,2026-07-22T02:34:10.512747+00:00,False,1395.0,1380.0,1395.0,69.0,4,,,,0,0,0.0
1,e2958cc757b9,2,2048,2048,2048,8663,148829206740992,tf32,streamed,declared_typical,declared_typical,,748.135,1.4875504240044393,502.93085056306455,nvml_energy_counter,5.026802308380115e-12,NVIDIA A100-SXM4-80GB,GPU-ac1cbae9-37e9-404d-a624-959b7a66e772,595.84,13020,2.5.1+cu124,True,1380,1593,500.0,69.0,False,4,False,2026-07-22T02:34:10.512747+00:00,False,1395.0,1380.0,1395.0,69.0,4,,,,0,0,0.0
1,e2958cc757b9,3,2048,2048,2048,8663,148829206740992,tf32,streamed,declared_typical,declared_typical,,746.018,1.487213461950887,501.62133351146076,nvml_energy_counter,5.012577949826057e-12,NVIDIA A100-SXM4-80GB,GPU-ac1cbae9-37e9-404d-a624-959b7a66e772,595.84,13020,2.5.1+cu124,True,1380,1593,500.0,69.0,False,4,False,2026-07-22T02:34:10.512747+00:00,False,1380.0,1380.0,1395.0,69.0,4,,,,0,0,0.0
1,e2958cc757b9,4,2048,2048,2048,8663,148829206740992,tf32,streamed,declared_typical,declared_typical,,746.225,1.488306692976039,501.391953366707,nvml_energy_counter,5.0139688058585035e-12,NVIDIA A100-SXM4-80GB,GPU-ac1cbae9-37e9-404d-a624-959b7a66e772,595.84,13020,2.5.1+cu124,True,1380,1593,500.0,69.0,False,4,False,2026-07-22T02:34:10.512747+00:00,False,1380.0,1380.0,1395.0,69.0,4,,,,0,0,0.0
1,e2958cc757b9,0,2048,2048,2048,19770,339646013767680,fp16,resident,dense_random,dense_random,,700.541,1.448593404958956,483.6008486590128,nvml_energy_counter,2.062562113504369e-12,NVIDIA A100-SXM4-80GB,GPU-ac1cbae9-37e9-404d-a624-959b7a66e772,595.84,13020,2.5.1+cu124,True,1350,1593,500.0,71.0,False,4,False,2026-07-22T02:34:22.141715+00:00,False,1350.0,1350.0,1350.0,71.0,4,,,,0,0,0.0
1,e2958cc757b9,1,2048,2048,2048,19770,339646013767680,fp16,resident,dense_random,dense_random,,698.937,1.4443273759679869,483.91868189272054,nvml_energy_counter,2.0578395496143737e-12,NVIDIA A100-SXM4-80GB,GPU-ac1cbae9-37e9-404d-a624-959b7a66e772,595.84,13020,2.5.1+cu124,True,1350,1593,500.0,71.0,False,4,False,2026-07-22T02:34:22.141715+00:00,False,1350.0,1335.0,1365.0,71.0,4,,,,0,0,0.0
1,e2958cc757b9,2,2048,2048,2048,19770,339646013767680,fp16,resident,dense_random,dense_random,,697.192,1.4452099240152165,482.41572965607406,nvml_energy_counter,2.052701847626817e-12,NVIDIA A100-SXM4-80GB,GPU-ac1cbae9-37e9-404d-a624-959b7a66e772,595.84,13020,2.5.1+cu124,True,1350,1593,500.0,71.0,False,4,False,2026-07-22T02:34:22.141715+00:00,False,1350.0,1335.0,1365.0,71.0,4,,,,0,0,0.0
1,e2958cc757b9,3,2048,2048,2048,19770,339646013767680,fp16,resident,dense_random,dense_random,,748.917,1.4463694300502539,517.7909491449768,nvml_energy_counter,2.20499275611185e-12,NVIDIA A100-SXM4-80GB,GPU-ac1cbae9-37e9-404d-a624-959b7a66e772,595.84,13020,2.5.1+cu124,True,1350,1593,500.0,71.0,False,4,False,2026-07-22T02:34:22.141715+00:00,True,1350.0,1350.0,1350.0,71.0,4,,,,0,0,0.0
1,e2958cc757b9,4,2048,2048,2048,19770,339646013767680,fp16,resident,dense_random,dense_random,,700.867,1.447669321030844,484.1347328552439,nvml_energy_counter,2.0635219363398662e-12,NVIDIA A100-SXM4-80GB,GPU-ac1cbae9-37e9-404d-a624-959b7a66e772,595.84,13020,2.5.1+cu124,True,1350,1593,500.0,71.0,False,4,False,2026-07-22T02:34:22.141715+00:00,False,1350.0,1350.0,1380.0,71.0,4,,,,0,0,0.0
1,e2958cc757b9,0,2048,2048,2048,19450,334148455628800,fp16,resident,adversarial_toggle,adversarial_toggle,,701.883,1.4265417860005982,492.0171332434462,nvml_energy_counter,2.100512476345874e-12,NVIDIA A100-SXM4-80GB,GPU-ac1cbae9-37e9-404d-a624-959b7a66e772,595.84,13020,2.5.1+cu124,True,1350,1593,500.0,72.0,False,4,False,2026-07-22T02:34:33.603924+00:00,True,1350.0,1335.0,1350.0,72.0,4,,,,0,0,0.0
1,e2958cc757b9,1,2048,2048,2048,19450,334148455628800,fp16,resident,adversarial_toggle,adversarial_toggle,,700.528,1.4244070979766548,491.80322184232847,nvml_energy_counter,2.096457392513599e-12,NVIDIA A100-SXM4-80GB,GPU-ac1cbae9-37e9-404d-a624-959b7a66e772,595.84,13020,2.5.1+cu124,True,1350,1593,500.0,72.0,False,4,False,2026-07-22T02:34:33.603924+00:00,False,1350.0,1320.0,1350.0,72.0,4,,,,0,0,0.0
1,e2958cc757b9,2,2048,2048,2048,19450,334148455628800,fp16,resident,adversarial_toggle,adversarial_toggle,,700.846,1.4248500000103377,491.87353054350643,nvml_energy_counter,2.0974090653244206e-12,NVIDIA A100-SXM4-80GB,GPU-ac1cbae9-37e9-404d-a624-959b7a66e772,595.84,13020,2.5.1+cu124,True,1350,1593,500.0,72.0,False,4,False,2026-07-22T02:34:33.603924+00:00,False,1350.0,1335.0,1380.0,72.0,4,,,,0,0,0.0
1,e2958cc757b9,3,2048,2048,2048,19450,334148455628800,fp16,resident,adversarial_toggle,adversarial_toggle,,701.27,1.427178330020979,491.36816699682623,nvml_energy_counter,2.098677962405516e-12,NVIDIA A100-SXM4-80GB,GPU-ac1cbae9-37e9-404d-a624-959b7a66e772,595.84,13020,2.5.1+cu124,True,1350,1593,500.0,72.0,False,4,False,2026-07-22T02:34:33.603924+00:00,False,1350.0,1335.0,1350.0,72.0,4,,,,0,0,0.0
1,e2958cc757b9,4,2048,2048,2048,19450,334148455628800,fp16,resident,adversarial_toggle,adversarial_toggle,,701.407,1.424193307000678,492.49423975818905,nvml_energy_counter,2.099087959811436e-12,NVIDIA A100-SXM4-80GB,GPU-ac1cbae9-37e9-404d-a624-959b7a66e772,595.84,13020,2.5.1+cu124,True,1350,1593,500.0,72.0,False,4,False,2026-07-22T02:34:33.603924+00:00,False,1350.0,1320.0,1350.0,72.0,4,,,,0,0,0.0
1,e2958cc757b9,0,2048,2048,2048,24196,415684114776064,int8,streamed,declared_typical,declared_typical,,657.536,1.3681270770030096,480.6103256434223,nvml_energy_counter,1.5818165203503762e-12,NVIDIA A100-SXM4-80GB,GPU-ac1cbae9-37e9-404d-a624-959b7a66e772,595.84,13020,2.5.1+cu124,True,1410,1593,500.0,69.0,False,0,False,2026-07-22T02:34:44.591592+00:00,True,1410.0,1410.0,1410.0,69.0,0,,,,0,0,0.0
1,e2958cc757b9,1,2048,2048,2048,24196,415684114776064,int8,streamed,declared_typical,declared_typical,,610.296,1.367363193014171,446.3305748743195,nvml_energy_counter,1.4681725336768684e-12,NVIDIA A100-SXM4-80GB,GPU-ac1cbae9-37e9-404d-a624-959b7a66e772,595.84,13020,2.5.1+cu124,True,1410,1593,500.0,69.0,False,0,False,2026-07-22T02:34:44.591592+00:00,False,1410.0,1410.0,1410.0,69.0,0,,,,0,0,0.0
1,e2958cc757b9,2,2048,2048,2048,24196,415684114776064,int8,streamed,declared_typical,declared_typical,,656.662,1.3678718780283816,480.06104266614295,nvml_energy_counter,1.579713962256544e-12,NVIDIA A100-SXM4-80GB,GPU-ac1cbae9-37e9-404d-a624-959b7a66e772,595.84,13020,2.5.1+cu124,True,1410,1593,500.0,69.0,False,0,False,2026-07-22T02:34:44.591592+00:00,False,1410.0,1410.0,1410.0,69.0,0,,,,0,0,0.0
1,e2958cc757b9,3,2048,2048,2048,24196,415684114776064,int8,streamed,declared_typical,declared_typical,,657.243,1.36679657996865,480.8638019968379,nvml_energy_counter,1.5811116581976386e-12,NVIDIA A100-SXM4-80GB,GPU-ac1cbae9-37e9-404d-a624-959b7a66e772,595.84,13020,2.5.1+cu124,True,1410,1593,500.0,69.0,False,0,False,2026-07-22T02:34:44.591592+00:00,False,1410.0,1410.0,1410.0,69.0,0,,,,0,0,0.0
1,e2958cc757b9,4,2048,2048,2048,24196,415684114776064,int8,streamed,declared_typical,declared_typical,,609.434,1.3665974849718623,445.94989139215926,nvml_energy_counter,1.4660988436575506e-12,NVIDIA A100-SXM4-80GB,GPU-ac1cbae9-37e9-404d-a624-959b7a66e772,595.84,13020,2.5.1+cu124,True,1410,1593,500.0,69.0,False,0,False,2026-07-22T02:34:44.591592+00:00,False,1410.0,1410.0,1410.0,69.0,0,,,,0,0,0.0
0,e2958cc757b9,0,2048,2048,2048,19847,340968863694848,fp16,streamed,reference_drift,reference_drift,,753.332,1.4580354720237665,516.676044207874,nvml_energy_counter,2.2093864871902166e-12,NVIDIA A100-SXM4-80GB,GPU-ac1cbae9-37e9-404d-a624-959b7a66e772,595.84,13020,2.5.1+cu124,True,1335,1593,500.0,72.0,False,4,False,2026-07-22T02:34:56.327064+00:00,True,1350.0,1320.0,1350.0,72.0,4,,,,0,0,0.0
0,e2958cc757b9,1,2048,2048,2048,19847,340968863694848,fp16,streamed,reference_drift,reference_drift,,702.554,1.4590442960034125,481.5165666487461,nvml_energy_counter,2.0604637983272123e-12,NVIDIA A100-SXM4-80GB,GPU-ac1cbae9-37e9-404d-a624-959b7a66e772,595.84,13020,2.5.1+cu124,True,1335,1593,500.0,72.0,False,4,False,2026-07-22T02:34:56.327064+00:00,False,1335.0,1335.0,1350.0,72.0,4,,,,0,0,0.0
0,e2958cc757b9,2,2048,2048,2048,19847,340968863694848,fp16,streamed,reference_drift,reference_drift,,752.029,1.4613436840008944,514.6147400049526,nvml_energy_counter,2.205565023887438e-12,NVIDIA A100-SXM4-80GB,GPU-ac1cbae9-37e9-404d-a624-959b7a66e772,595.84,13020,2.5.1+cu124,True,1335,1593,500.0,72.0,False,4,False,2026-07-22T02:34:56.327064+00:00,False,1335.0,1320.0,1380.0,72.0,4,,,,0,0,0.0
0,e2958cc757b9,3,2048,2048,2048,19847,340968863694848,fp16,streamed,reference_drift,reference_drift,,702.509,1.4601510940119624,481.1207572154479,nvml_energy_counter,2.0603318214671777e-12,NVIDIA A100-SXM4-80GB,GPU-ac1cbae9-37e9-404d-a624-959b7a66e772,595.84,13020,2.5.1+cu124,True,1335,1593,500.0,72.0,False,4,False,2026-07-22T02:34:56.327064+00:00,False,1335.0,1335.0,1350.0,72.0,4,,,,0,0,0.0
0,e2958cc757b9,4,2048,2048,2048,19847,340968863694848,fp16,streamed,reference_drift,reference_drift,,750.768,1.4609133249614388,513.9031776712809,nvml_energy_counter,2.2018667389873583e-12,NVIDIA A100-SXM4-80GB,GPU-ac1cbae9-37e9-404d-a624-959b7a66e772,595.84,13020,2.5.1+cu124,True,1335,1593,500.0,72.0,False,4,False,2026-07-22T02:34:56.327064+00:00,False,1335.0,1335.0,1350.0,72.0,4,,,,0,0,0.0
1,e2958cc757b9,0,2048,2048,2048,1473,25305947308032,fp32,resident,zeros,zeros,,312.11,1.4332427859771997,217.76491956120344,nvml_energy_counter,1.23334643908366e-11,NVIDIA A100-SXM4-80GB,GPU-ac1cbae9-37e9-404d-a624-959b7a66e772,595.84,13020,2.5.1+cu124,True,1410,1593,500.0,52.0,False,0,False,2026-07-22T02:35:07.846281+00:00,True,1410.0,1410.0,1410.0,55.0,0,,,,0,0,0.0
1,e2958cc757b9,1,2048,2048,2048,1473,25305947308032,fp32,resident,zeros,zeros,,310.17,1.4327257749973796,216.4894395095023,nvml_energy_counter,1.2256802569945817e-11,NVIDIA A100-SXM4-80GB,GPU-ac1cbae9-37e9-404d-a624-959b7a66e772,595.84,13020,2.5.1+cu124,True,1410,1593,500.0,52.0,False,0,False,2026-07-22T02:35:07.846281+00:00,False,1410.0,1410.0,1410.0,54.0,0,,,,0,0,0.0
1,e2958cc757b9,2,2048,2048,2048,1473,25305947308032,fp32,resident,zeros,zeros,,309.572,1.4322534289676696,216.14331216726868,nvml_energy_counter,1.2233171761238244e-11,NVIDIA A100-SXM4-80GB,GPU-ac1cbae9-37e9-404d-a624-959b7a66e772,595.84,13020,2.5.1+cu124,True,1410,1593,500.0,52.0,False,0,False,2026-07-22T02:35:07.846281+00:00,False,1410.0,1410.0,1410.0,54.0,0,,,,0,0,0.0
1,e2958cc757b9,3,2048,2048,2048,1473,25305947308032,fp32,resident,zeros,zeros,,308.392,1.4323462729807943,215.30547872213793,nvml_energy_counter,1.2186542406263435e-11,NVIDIA A100-SXM4-80GB,GPU-ac1cbae9-37e9-404d-a624-959b7a66e772,595.84,13020,2.5.1+cu124,True,1410,1593,500.0,52.0,False,0,False,2026-07-22T02:35:07.846281+00:00,False,1410.0,1410.0,1410.0,53.0,0,,,,0,0,0.0
1,e2958cc757b9,4,2048,2048,2048,1473,25305947308032,fp32,resident,zeros,zeros,,308.316,1.4321882869699039,215.2761636197343,nvml_energy_counter,1.2183539159671836e-11,NVIDIA A100-SXM4-80GB,GPU-ac1cbae9-37e9-404d-a624-959b7a66e772,595.84,13020,2.5.1+cu124,True,1410,1593,500.0,52.0,False,0,False,2026-07-22T02:35:07.846281+00:00,False,1410.0,1410.0,1410.0,52.0,0,,,,0,0,0.0
1,e2958cc757b9,0,2048,2048,2048,1536,26388279066624,fp32,resident,sparse_struct,sparse_struct,,435.835,1.4940953000332229,291.7049534861054,nvml_energy_counter,1.6516234306133508e-11,NVIDIA A100-SXM4-80GB,GPU-ac1cbae9-37e9-404d-a624-959b7a66e772,595.84,13020,2.5.1+cu124,True,1410,1593,500.0,55.0,False,0,False,2026-07-22T02:35:19.852768+00:00,True,1410.0,1410.0,1410.0,56.0,0,,,,0,0,0.0
1,e2958cc757b9,1,2048,2048,2048,1536,26388279066624,fp32,resident,sparse_struct,sparse_struct,,435.421,1.4938353520119563,291.4785752081431,nvml_energy_counter,1.6500545522527924e-11,NVIDIA A100-SXM4-80GB,GPU-ac1cbae9-37e9-404d-a624-959b7a66e772,595.84,13020,2.5.1+cu124,True,1410,1593,500.0,55.0,False,0,False,2026-07-22T02:35:19.852768+00:00,False,1410.0,1410.0,1410.0,55.0,0,,,,0,0,0.0
1,e2958cc757b9,2,2048,2048,2048,1536,26388279066624,fp32,resident,sparse_struct,sparse_struct,,435.07,1.4938914679805748,291.23266939071726,nvml_energy_counter,1.6487244162514496e-11,NVIDIA A100-SXM4-80GB,GPU-ac1cbae9-37e9-404d-a624-959b7a66e772,595.84,13020,2.5.1+cu124,True,1410,1593,500.0,55.0,False,0,False,2026-07-22T02:35:19.852768+00:00,False,1410.0,1410.0,1410.0,55.0,0,,,,0,0,0.0
1,e2958cc757b9,3,2048,2048,2048,1536,26388279066624,fp32,resident,sparse_struct,sparse_struct,,434.854,1.4938242319622077,291.10118225140786,nvml_energy_counter,1.647905871019854e-11,NVIDIA A100-SXM4-80GB,GPU-ac1cbae9-37e9-404d-a624-959b7a66e772,595.84,13020,2.5.1+cu124,True,1410,1593,500.0,55.0,False,0,False,2026-07-22T02:35:19.852768+00:00,False,1410.0,1410.0,1410.0,55.0,0,,,,0,0,0.0
1,e2958cc757b9,4,2048,2048,2048,1536,26388279066624,fp32,resident,sparse_struct,sparse_struct,,435.034,1.4939388670027256,291.199331919655,nvml_energy_counter,1.6485879920461837e-11,NVIDIA A100-SXM4-80GB,GPU-ac1cbae9-37e9-404d-a624-959b7a66e772,595.84,13020,2.5.1+cu124,True,1410,1593,500.0,55.0,False,0,False,2026-07-22T02:35:19.852768+00:00,False,1410.0,1410.0,1410.0,55.0,0,,,,0,0,0.0
1,e2958cc757b9,0,2048,2048,2048,13538,232581069012992,bf16,resident,declared_typical,declared_typical,,551.411,1.447738107002806,380.87758920815037,nvml_energy_counter,2.370833543503913e-12,NVIDIA A100-SXM4-80GB,GPU-ac1cbae9-37e9-404d-a624-959b7a66e772,595.84,13020,2.5.1+cu124,True,1410,1593,500.0,60.0,False,0,False,2026-07-22T02:35:31.483342+00:00,False,1410.0,1410.0,1410.0,59.0,0,,,,0,0,0.0
1,e2958cc757b9,1,2048,2048,2048,13538,232581069012992,bf16,resident,declared_typical,declared_typical,,514.69,1.447248957992997,355.6333533062323,nvml_energy_counter,2.2129488104263954e-12,NVIDIA A100-SXM4-80GB,GPU-ac1cbae9-37e9-404d-a624-959b7a66e772,595.84,13020,2.5.1+cu124,True,1410,1593,500.0,60.0,False,0,False,2026-07-22T02:35:31.483342+00:00,False,1410.0,1410.0,1410.0,59.0,0,,,,0,0,0.0
1,e2958cc757b9,2,2048,2048,2048,13538,232581069012992,bf16,resident,declared_typical,declared_typical,,552.099,1.447587224014569,381.3925619410161,nvml_energy_counter,2.3737916518440274e-12,NVIDIA A100-SXM4-80GB,GPU-ac1cbae9-37e9-404d-a624-959b7a66e772,595.84,13020,2.5.1+cu124,True,1410,1593,500.0,60.0,False,0,False,2026-07-22T02:35:31.483342+00:00,True,1410.0,1410.0,1410.0,60.0,0,,,,0,0,0.0
1,e2958cc757b9,3,2048,2048,2048,13538,232581069012992,bf16,resident,declared_typical,declared_typical,,515.156,1.4477323360042647,355.8364949019709,nvml_energy_counter,2.2149524128776933e-12,NVIDIA A100-SXM4-80GB,GPU-ac1cbae9-37e9-404d-a624-959b7a66e772,595.84,13020,2.5.1+cu124,True,1410,1593,500.0,60.0,False,0,False,2026-07-22T02:35:31.483342+00:00,False,1410.0,1410.0,1410.0,60.0,0,,,,0,0,0.0
1,e2958cc757b9,4,2048,2048,2048,13538,232581069012992,bf16,resident,declared_typical,declared_typical,,551.797,1.4475135550019331,381.2033387136489,nvml_energy_counter,2.3724931798691518e-12,NVIDIA A100-SXM4-80GB,GPU-ac1cbae9-37e9-404d-a624-959b7a66e772,595.84,13020,2.5.1+cu124,True,1410,1593,500.0,60.0,False,0,False,2026-07-22T02:35:31.483342+00:00,False,1410.0,1410.0,1410.0,60.0,0,,,,0,0,0.0
1,e2958cc757b9,0,2048,2048,2048,13562,232993385873408,bf16,resident,low_entropy,low_entropy,,376.106,1.4527253790292889,258.89683310366206,nvml_energy_counter,1.614234664173468e-12,NVIDIA A100-SXM4-80GB,GPU-ac1cbae9-37e9-404d-a624-959b7a66e772,595.84,13020,2.5.1+cu124,True,1410,1593,500.0,53.0,False,0,False,2026-07-22T02:35:43.155820+00:00,False,1410.0,1410.0,1410.0,54.0,0,,,,0,0,0.0
1,e2958cc757b9,1,2048,2048,2048,13562,232993385873408,bf16,resident,low_entropy,low_entropy,,401.886,1.452699440997094,276.64772812479106,nvml_energy_counter,1.7248815819104677e-12,NVIDIA A100-SXM4-80GB,GPU-ac1cbae9-37e9-404d-a624-959b7a66e772,595.84,13020,2.5.1+cu124,True,1410,1593,500.0,53.0,False,0,False,2026-07-22T02:35:43.155820+00:00,True,1410.0,1410.0,1410.0,54.0,0,,,,0,0,0.0
1,e2958cc757b9,2,2048,2048,2048,13562,232993385873408,bf16,resident,low_entropy,low_entropy,,374.751,1.452672449988313,257.9735025628213,nvml_energy_counter,1.6084190484429157e-12,NVIDIA A100-SXM4-80GB,GPU-ac1cbae9-37e9-404d-a624-959b7a66e772,595.84,13020,2.5.1+cu124,True,1410,1593,500.0,53.0,False,0,False,2026-07-22T02:35:43.155820+00:00,False,1410.0,1410.0,1410.0,53.0,0,,,,0,0,0.0
1,e2958cc757b9,3,2048,2048,2048,13562,232993385873408,bf16,resident,low_entropy,low_entropy,,374.501,1.4527238759910688,257.7922798608305,nvml_energy_counter,1.6073460566107105e-12,NVIDIA A100-SXM4-80GB,GPU-ac1cbae9-37e9-404d-a624-959b7a66e772,595.84,13020,2.5.1+cu124,True,1410,1593,500.0,53.0,False,0,False,2026-07-22T02:35:43.155820+00:00,False,1410.0,1410.0,1410.0,53.0,0,,,,0,0,0.0
1,e2958cc757b9,4,2048,2048,2048,13562,232993385873408,bf16,resident,low_entropy,low_entropy,,400.557,1.4528013520175591,275.7135374658976,nvml_energy_counter,1.7191775573304648e-12,NVIDIA A100-SXM4-80GB,GPU-ac1cbae9-37e9-404d-a624-959b7a66e772,595.84,13020,2.5.1+cu124,True,1410,1593,500.0,53.0,False,0,False,2026-07-22T02:35:43.155820+00:00,False,1410.0,1410.0,1410.0,53.0,0,,,,0,0,0.0
1,e2958cc757b9,0,2048,2048,2048,8711,149653840461824,tf32,resident,low_entropy,low_entropy,,528.37,1.4575469300034456,362.5063379597328,nvml_energy_counter,3.5306143722705517e-12,NVIDIA A100-SXM4-80GB,GPU-ac1cbae9-37e9-404d-a624-959b7a66e772,595.84,13020,2.5.1+cu124,True,1410,1593,500.0,58.0,False,0,False,2026-07-22T02:35:54.869163+00:00,True,1410.0,1410.0,1410.0,57.0,0,,,,0,0,0.0
1,e2958cc757b9,1,2048,2048,2048,8711,149653840461824,tf32,resident,low_entropy,low_entropy,,492.527,1.4575244979932904,337.92022067423756,nvml_energy_counter,3.2911083235825234e-12,NVIDIA A100-SXM4-80GB,GPU-ac1cbae9-37e9-404d-a624-959b7a66e772,595.84,13020,2.5.1+cu124,True,1410,1593,500.0,58.0,False,0,False,2026-07-22T02:35:54.869163+00:00,False,1410.0,1410.0,1410.0,57.0,0,,,,0,0,0.0
1,e2958cc757b9,2,2048,2048,2048,8711,149653840461824,tf32,resident,low_entropy,low_entropy,,526.652,1.4580182950012386,361.2108310338813,nvml_energy_counter,3.5191345465961934e-12,NVIDIA A100-SXM4-80GB,GPU-ac1cbae9-37e9-404d-a624-959b7a66e772,595.84,13020,2.5.1+cu124,True,1410,1593,500.0,58.0,False,0,False,2026-07-22T02:35:54.869163+00:00,False,1410.0,1410.0,1410.0,58.0,0,,,,0,0,0.0
1,e2958cc757b9,3,2048,2048,2048,8711,149653840461824,tf32,resident,low_entropy,low_entropy,,492.214,1.457789595995564,337.64406149699107,nvml_energy_counter,3.289016830313563e-12,NVIDIA A100-SXM4-80GB,GPU-ac1cbae9-37e9-404d-a624-959b7a66e772,595.84,13020,2.5.1+cu124,True,1410,1593,500.0,58.0,False,0,False,2026-07-22T02:35:54.869163+00:00,False,1410.0,1410.0,1410.0,58.0,0,,,,0,0,0.0
1,e2958cc757b9,4,2048,2048,2048,8711,149653840461824,tf32,resident,low_entropy,low_entropy,,493.07,1.457572317973245,338.28167146149843,nvml_energy_counter,3.2947366968893783e-12,NVIDIA A100-SXM4-80GB,GPU-ac1cbae9-37e9-404d-a624-959b7a66e772,595.84,13020,2.5.1+cu124,True,1410,1593,500.0,58.0,False,0,False,2026-07-22T02:35:54.869163+00:00,False,1410.0,1410.0,1410.0,58.0,0,,,,0,0,0.0
1,e2958cc757b9,0,2048,2048,2048,8720,149808459284480,tf32,resident,dense_random,dense_random,,748.977,1.4842783720232546,504.6068272079259,nvml_energy_counter,4.999564133943357e-12,NVIDIA A100-SXM4-80GB,GPU-ac1cbae9-37e9-404d-a624-959b7a66e772,595.84,13020,2.5.1+cu124,True,1395,1593,500.0,69.0,False,4,False,2026-07-22T02:36:06.794449+00:00,False,1395.0,1395.0,1395.0,67.0,4,,,,0,0,0.0
1,e2958cc757b9,1,2048,2048,2048,8720,149808459284480,tf32,resident,dense_random,dense_random,,749.224,1.4860049940180033,504.1867308764394,nvml_energy_counter,5.0012129059898744e-12,NVIDIA A100-SXM4-80GB,GPU-ac1cbae9-37e9-404d-a624-959b7a66e772,595.84,13020,2.5.1+cu124,True,1395,1593,500.0,69.0,False,4,False,2026-07-22T02:36:06.794449+00:00,False,1395.0,1395.0,1395.0,68.0,4,,,,0,0,0.0
1,e2958cc757b9,2,2048,2048,2048,8720,149808459284480,tf32,resident,dense_random,dense_random,,748.124,1.4867580870050006,503.19147851891506,nvml_energy_counter,4.993870196470974e-12,NVIDIA A100-SXM4-80GB,GPU-ac1cbae9-37e9-404d-a624-959b7a66e772,595.84,13020,2.5.1+cu124,True,1395,1593,500.0,69.0,False,4,False,2026-07-22T02:36:06.794449+00:00,False,1395.0,1395.0,1395.0,68.0,4,,,,0,0,0.0
1,e2958cc757b9,3,2048,2048,2048,8720,149808459284480,tf32,resident,dense_random,dense_random,,751.222,1.486695208994206,505.29657690107456,nvml_energy_counter,5.014549936552387e-12,NVIDIA A100-SXM4-80GB,GPU-ac1cbae9-37e9-404d-a624-959b7a66e772,595.84,13020,2.5.1+cu124,True,1395,1593,500.0,69.0,False,4,False,2026-07-22T02:36:06.794449+00:00,True,1395.0,1395.0,1395.0,69.0,4,,,,0,0,0.0
1,e2958cc757b9,4,2048,2048,2048,8720,149808459284480,tf32,resident,dense_random,dense_random,,749.452,1.4876448209979571,503.7842295563836,nvml_energy_counter,5.002734849417428e-12,NVIDIA A100-SXM4-80GB,GPU-ac1cbae9-37e9-404d-a624-959b7a66e772,595.84,13020,2.5.1+cu124,True,1395,1593,500.0,69.0,False,4,False,2026-07-22T02:36:06.794449+00:00,False,1395.0,1380.0,1395.0,69.0,4,,,,0,0,0.0
1,e2958cc757b9,0,2048,2048,2048,25176,432520386576384,int8,resident,dense_random,dense_random,,611.44,1.411392536945641,433.21753799492376,nvml_energy_counter,1.4136674685784284e-12,NVIDIA A100-SXM4-80GB,GPU-ac1cbae9-37e9-404d-a624-959b7a66e772,595.84,13020,2.5.1+cu124,True,1410,1593,500.0,67.0,False,0,False,2026-07-22T02:36:18.132652+00:00,True,1410.0,1410.0,1410.0,67.0,0,,,,0,0,0.0
1,e2958cc757b9,1,2048,2048,2048,25176,432520386576384,int8,resident,dense_random,dense_random,,610.831,1.4114268409903161,432.7755305910262,nvml_energy_counter,1.412259442462433e-12,NVIDIA A100-SXM4-80GB,GPU-ac1cbae9-37e9-404d-a624-959b7a66e772,595.84,13020,2.5.1+cu124,True,1410,1593,500.0,67.0,False,0,False,2026-07-22T02:36:18.132652+00:00,False,1410.0,1410.0,1410.0,67.0,0,,,,0,0,0.0
1,e2958cc757b9,2,2048,2048,2048,25176,432520386576384,int8,resident,dense_random,dense_random,,610.399,1.411482595023699,432.4523746534411,nvml_energy_counter,1.4112606456116776e-12,NVIDIA A100-SXM4-80GB,GPU-ac1cbae9-37e9-404d-a624-959b7a66e772,595.84,13020,2.5.1+cu124,True,1410,1593,500.0,67.0,False,0,False,2026-07-22T02:36:18.132652+00:00,False,1410.0,1410.0,1410.0,67.0,0,,,,0,0,0.0
1,e2958cc757b9,3,2048,2048,2048,25176,432520386576384,int8,resident,dense_random,dense_random,,611.358,1.4112236890359782,433.2112653364153,nvml_energy_counter,1.4134778821391644e-12,NVIDIA A100-SXM4-80GB,GPU-ac1cbae9-37e9-404d-a624-959b7a66e772,595.84,13020,2.5.1+cu124,True,1410,1593,500.0,67.0,False,0,False,2026-07-22T02:36:18.132652+00:00,False,1410.0,1410.0,1410.0,67.0,0,,,,0,0,0.0
1,e2958cc757b9,4,2048,2048,2048,25176,432520386576384,int8,resident,dense_random,dense_random,,611.067,1.411345919012092,432.96756080021265,nvml_energy_counter,1.4128050814827529e-12,NVIDIA A100-SXM4-80GB,GPU-ac1cbae9-37e9-404d-a624-959b7a66e772,595.84,13020,2.5.1+cu124,True,1410,1593,500.0,67.0,False,0,False,2026-07-22T02:36:18.132652+00:00,False,1410.0,1410.0,1410.0,67.0,0,,,,0,0,0.0
1,e2958cc757b9,0,2048,2048,2048,13494,231825154768896,bf16,streamed,adversarial_toggle,adversarial_toggle,,573.544,1.450721369998064,395.35090049770577,nvml_energy_counter,2.4740369550136173e-12,NVIDIA A100-SXM4-80GB,GPU-ac1cbae9-37e9-404d-a624-959b7a66e772,595.84,13020,2.5.1+cu124,True,1410,1593,500.0,66.0,False,0,False,2026-07-22T02:36:29.792294+00:00,False,1410.0,1410.0,1410.0,66.0,0,,,,0,0,0.0
1,e2958cc757b9,1,2048,2048,2048,13494,231825154768896,bf16,streamed,adversarial_toggle,adversarial_toggle,,613.139,1.4505139499669895,422.7046558317855,nvml_energy_counter,2.644833778332777e-12,NVIDIA A100-SXM4-80GB,GPU-ac1cbae9-37e9-404d-a624-959b7a66e772,595.84,13020,2.5.1+cu124,True,1410,1593,500.0,66.0,False,0,False,2026-07-22T02:36:29.792294+00:00,True,1410.0,1410.0,1410.0,66.0,0,,,,0,0,0.0
1,e2958cc757b9,2,2048,2048,2048,13494,231825154768896,bf16,streamed,adversarial_toggle,adversarial_toggle,,572.65,1.4504737049574032,394.802055385635,nvml_energy_counter,2.4701806004221956e-12,NVIDIA A100-SXM4-80GB,GPU-ac1cbae9-37e9-404d-a624-959b7a66e772,595.84,13020,2.5.1+cu124,True,1410,1593,500.0,66.0,False,0,False,2026-07-22T02:36:29.792294+00:00,False,1410.0,1410.0,1410.0,66.0,0,,,,0,0,0.0
1,e2958cc757b9,3,2048,2048,2048,13494,231825154768896,bf16,streamed,adversarial_toggle,adversarial_toggle,,613.058,1.4525579379987903,422.0540771300446,nvml_energy_counter,2.6444843770778496e-12,NVIDIA A100-SXM4-80GB,GPU-ac1cbae9-37e9-404d-a624-959b7a66e772,595.84,13020,2.5.1+cu124,True,1410,1593,500.0,66.0,False,0,False,2026-07-22T02:36:29.792294+00:00,False,1410.0,1410.0,1410.0,66.0,0,,,,0,0,0.0
1,e2958cc757b9,4,2048,2048,2048,13494,231825154768896,bf16,streamed,adversarial_toggle,adversarial_toggle,,571.8,1.4536826889961958,393.345813586624,nvml_energy_counter,2.4665140440433275e-12,NVIDIA A100-SXM4-80GB,GPU-ac1cbae9-37e9-404d-a624-959b7a66e772,595.84,13020,2.5.1+cu124,True,1410,1593,500.0,66.0,False,0,False,2026-07-22T02:36:29.792294+00:00,False,1410.0,1410.0,1410.0,66.0,0,,,,0,0,0.0
0,e2958cc757b9,0,2048,2048,2048,19823,340556546834432,fp16,streamed,reference_drift,reference_drift,,705.485,1.4548482660320587,484.9199854525957,nvml_energy_counter,2.071564932630659e-12,NVIDIA A100-SXM4-80GB,GPU-ac1cbae9-37e9-404d-a624-959b7a66e772,595.84,13020,2.5.1+cu124,True,1335,1593,500.0,72.0,False,4,False,2026-07-22T02:36:41.520372+00:00,False,1350.0,1320.0,1350.0,72.0,4,,,,0,0,0.0
0,e2958cc757b9,1,2048,2048,2048,19823,340556546834432,fp16,streamed,reference_drift,reference_drift,,749.318,1.4572747009806335,514.1913185590656,nvml_energy_counter,2.2002748353103752e-12,NVIDIA A100-SXM4-80GB,GPU-ac1cbae9-37e9-404d-a624-959b7a66e772,595.84,13020,2.5.1+cu124,True,1335,1593,500.0,72.0,False,4,False,2026-07-22T02:36:41.520372+00:00,True,1335.0,1320.0,1365.0,72.0,4,,,,0,0,0.0
0,e2958cc757b9,2,2048,2048,2048,19823,340556546834432,fp16,streamed,reference_drift,reference_drift,,702.109,1.4571125360089354,481.8495364284578,nvml_energy_counter,2.0616517477825602e-12,NVIDIA A100-SXM4-80GB,GPU-ac1cbae9-37e9-404d-a624-959b7a66e772,595.84,13020,2.5.1+cu124,True,1335,1593,500.0,72.0,False,4,False,2026-07-22T02:36:41.520372+00:00,False,1335.0,1335.0,1350.0,72.0,4,,,,0,0,0.0
0,e2958cc757b9,3,2048,2048,2048,19823,340556546834432,fp16,streamed,reference_drift,reference_drift,,703.26,1.4575942009687424,482.479965639683,nvml_energy_counter,2.065031509559859e-12,NVIDIA A100-SXM4-80GB,GPU-ac1cbae9-37e9-404d-a624-959b7a66e772,595.84,13020,2.5.1+cu124,True,1335,1593,500.0,72.0,False,4,False,2026-07-22T02:36:41.520372+00:00,False,1335.0,1335.0,1350.0,72.0,4,,,,0,0,0.0
0,e2958cc757b9,4,2048,2048,2048,19823,340556546834432,fp16,streamed,reference_drift,reference_drift,,745.278,1.4588295389548875,510.8739438700431,nvml_energy_counter,2.1884119008357548e-12,NVIDIA A100-SXM4-80GB,GPU-ac1cbae9-37e9-404d-a624-959b7a66e772,595.84,13020,2.5.1+cu124,True,1335,1593,500.0,72.0,False,4,False,2026-07-22T02:36:41.520372+00:00,False,1350.0,1275.0,1350.0,73.0,4,,,,0,0,0.0
1,e2958cc757b9,0,2048,2048,2048,8371,143812684939264,tf32,streamed,low_entropy,low_entropy,,516.869,1.3998259240179323,369.23805391203683,nvml_energy_counter,3.594043183452752e-12,NVIDIA A100-SXM4-80GB,GPU-ac1cbae9-37e9-404d-a624-959b7a66e772,595.84,13020,2.5.1+cu124,True,1410,1593,500.0,63.0,False,0,False,2026-07-22T02:36:52.771852+00:00,True,1410.0,1410.0,1410.0,64.0,0,,,,0,0,0.0
1,e2958cc757b9,1,2048,2048,2048,8371,143812684939264,tf32,streamed,low_entropy,low_entropy,,515.062,1.400178557028994,367.8545121365792,nvml_energy_counter,3.581478227859557e-12,NVIDIA A100-SXM4-80GB,GPU-ac1cbae9-37e9-404d-a624-959b7a66e772,595.84,13020,2.5.1+cu124,True,1410,1593,500.0,63.0,False,0,False,2026-07-22T02:36:52.771852+00:00,False,1410.0,1410.0,1410.0,64.0,0,,,,0,0,0.0
1,e2958cc757b9,2,2048,2048,2048,8371,143812684939264,tf32,streamed,low_entropy,low_entropy,,514.062,1.400463450991083,367.06563076402136,nvml_energy_counter,3.5745247383226476e-12,NVIDIA A100-SXM4-80GB,GPU-ac1cbae9-37e9-404d-a624-959b7a66e772,595.84,13020,2.5.1+cu124,True,1410,1593,500.0,63.0,False,0,False,2026-07-22T02:36:52.771852+00:00,False,1410.0,1410.0,1410.0,64.0,0,,,,0,0,0.0
1,e2958cc757b9,3,2048,2048,2048,8371,143812684939264,tf32,streamed,low_entropy,low_entropy,,513.874,1.4000074859941378,367.05089447082554,nvml_energy_counter,3.5732174822897086e-12,NVIDIA A100-SXM4-80GB,GPU-ac1cbae9-37e9-404d-a624-959b7a66e772,595.84,13020,2.5.1+cu124,True,1410,1593,500.0,63.0,False,0,False,2026-07-22T02:36:52.771852+00:00,False,1410.0,1410.0,1410.0,63.0,0,,,,0,0,0.0
1,e2958cc757b9,4,2048,2048,2048,8371,143812684939264,tf32,streamed,low_entropy,low_entropy,,513.814,1.4001402650028467,366.9732332131419,nvml_energy_counter,3.5728002729174937e-12,NVIDIA A100-SXM4-80GB,GPU-ac1cbae9-37e9-404d-a624-959b7a66e772,595.84,13020,2.5.1+cu124,True,1410,1593,500.0,63.0,False,0,False,2026-07-22T02:36:52.771852+00:00,False,1410.0,1410.0,1410.0,63.0,0,,,,0,0,0.0
1,e2958cc757b9,0,2048,2048,2048,20032,344147139493888,fp16,streamed,declared_typical,declared_typical,,701.206,1.4736896330141462,475.81660635409315,nvml_energy_counter,2.0375180250843066e-12,NVIDIA A100-SXM4-80GB,GPU-ac1cbae9-37e9-404d-a624-959b7a66e772,595.84,13020,2.5.1+cu124,True,1335,1593,500.0,73.0,False,4,False,2026-07-22T02:37:04.623985+00:00,False,1335.0,1335.0,1350.0,72.0,4,,,,0,0,0.0
1,e2958cc757b9,1,2048,2048,2048,20032,344147139493888,fp16,streamed,declared_typical,declared_typical,,750.0,1.4763216630090028,508.0193692148148,nvml_energy_counter,2.179300403609253e-12,NVIDIA A100-SXM4-80GB,GPU-ac1cbae9-37e9-404d-a624-959b7a66e772,595.84,13020,2.5.1+cu124,True,1335,1593,500.0,73.0,False,4,False,2026-07-22T02:37:04.623985+00:00,False,1335.0,1335.0,1350.0,72.0,4,,,,0,0,0.0
1,e2958cc757b9,2,2048,2048,2048,20032,344147139493888,fp16,streamed,declared_typical,declared_typical,,751.355,1.4751193670090288,509.3520001187817,nvml_energy_counter,2.183237673005107e-12,NVIDIA A100-SXM4-80GB,GPU-ac1cbae9-37e9-404d-a624-959b7a66e772,595.84,13020,2.5.1+cu124,True,1335,1593,500.0,73.0,False,4,False,2026-07-22T02:37:04.623985+00:00,True,1335.0,1335.0,1350.0,72.0,4,,,,0,0,0.0
1,e2958cc757b9,3,2048,2048,2048,20032,344147139493888,fp16,streamed,declared_typical,declared_typical,,697.635,1.4749180589569733,472.99915799617423,nvml_energy_counter,2.027141649429255e-12,NVIDIA A100-SXM4-80GB,GPU-ac1cbae9-37e9-404d-a624-959b7a66e772,595.84,13020,2.5.1+cu124,True,1335,1593,500.0,73.0,False,4,False,2026-07-22T02:37:04.623985+00:00,False,1335.0,1335.0,1380.0,73.0,4,,,,0,0,0.0
1,e2958cc757b9,4,2048,2048,2048,20032,344147139493888,fp16,streamed,declared_typical,declared_typical,,701.58,1.4778241039603017,474.73850109758826,nvml_energy_counter,2.0386047695522395e-12,NVIDIA A100-SXM4-80GB,GPU-ac1cbae9-37e9-404d-a624-959b7a66e772,595.84,13020,2.5.1+cu124,True,1335,1593,500.0,73.0,False,4,False,2026-07-22T02:37:04.623985+00:00,False,1335.0,1320.0,1380.0,73.0,4,,,,0,0,0.0
1,e2958cc757b9,0,2048,2048,2048,1471,25271587569664,fp32,streamed,adversarial_toggle,adversarial_toggle,,428.644,1.4305697840172797,299.6316606074929,nvml_energy_counter,1.6961498711483566e-11,NVIDIA A100-SXM4-80GB,GPU-ac1cbae9-37e9-404d-a624-959b7a66e772,595.84,13020,2.5.1+cu124,True,1410,1593,500.0,60.0,False,0,False,2026-07-22T02:37:16.129831+00:00,False,1410.0,1410.0,1410.0,62.0,0,,,,0,0,0.0
1,e2958cc757b9,1,2048,2048,2048,1471,25271587569664,fp32,streamed,adversarial_toggle,adversarial_toggle,,451.031,1.430518516979646,315.291969063283,nvml_energy_counter,1.7847355206976286e-11,NVIDIA A100-SXM4-80GB,GPU-ac1cbae9-37e9-404d-a624-959b7a66e772,595.84,13020,2.5.1+cu124,True,1410,1593,500.0,60.0,False,0,False,2026-07-22T02:37:16.129831+00:00,True,1410.0,1410.0,1410.0,62.0,0,,,,0,0,0.0
1,e2958cc757b9,2,2048,2048,2048,1471,25271587569664,fp32,streamed,adversarial_toggle,adversarial_toggle,,420.383,1.4313768479623832,293.6913508126322,nvml_energy_counter,1.663460986933118e-11,NVIDIA A100-SXM4-80GB,GPU-ac1cbae9-37e9-404d-a624-959b7a66e772,595.84,13020,2.5.1+cu124,True,1410,1593,500.0,60.0,False,0,False,2026-07-22T02:37:16.129831+00:00,False,1410.0,1410.0,1410.0,61.0,0,,,,0,0,0.0
1,e2958cc757b9,3,2048,2048,2048,1471,25271587569664,fp32,streamed,adversarial_toggle,adversarial_toggle,,418.525,1.430818349996116,292.5074311502477,nvml_energy_counter,1.656108856819099e-11,NVIDIA A100-SXM4-80GB,GPU-ac1cbae9-37e9-404d-a624-959b7a66e772,595.84,13020,2.5.1+cu124,True,1410,1593,500.0,60.0,False,0,False,2026-07-22T02:37:16.129831+00:00,False,1410.0,1410.0,1410.0,60.0,0,,,,0,0,0.0
1,e2958cc757b9,4,2048,2048,2048,1471,25271587569664,fp32,streamed,adversarial_toggle,adversarial_toggle,,448.406,1.4307939040008932,313.3966385697713,nvml_energy_counter,1.774348361629114e-11,NVIDIA A100-SXM4-80GB,GPU-ac1cbae9-37e9-404d-a624-959b7a66e772,595.84,13020,2.5.1+cu124,True,1410,1593,500.0,60.0,False,0,False,2026-07-22T02:37:16.129831+00:00,False,1410.0,1410.0,1410.0,60.0,0,,,,0,0,0.0
1,e2958cc757b9,0,2048,2048,2048,13545,232701328097280,bf16,streamed,dense_random,dense_random,,576.311,1.456715657026507,395.62353656332897,nvml_energy_counter,2.4766124229384507e-12,NVIDIA A100-SXM4-80GB,GPU-ac1cbae9-37e9-404d-a624-959b7a66e772,595.84,13020,2.5.1+cu124,True,1410,1593,500.0,63.0,False,0,False,2026-07-22T02:37:27.826836+00:00,True,1410.0,1410.0,1410.0,63.0,0,,,,0,0,0.0
1,e2958cc757b9,1,2048,2048,2048,13545,232701328097280,bf16,streamed,dense_random,dense_random,,537.221,1.4558480780106038,369.0089701764109,nvml_energy_counter,2.308628852240227e-12,NVIDIA A100-SXM4-80GB,GPU-ac1cbae9-37e9-404d-a624-959b7a66e772,595.84,13020,2.5.1+cu124,True,1410,1593,500.0,63.0,False,0,False,2026-07-22T02:37:27.826836+00:00,False,1410.0,1410.0,1410.0,63.0,0,,,,0,0,0.0
1,e2958cc757b9,2,2048,2048,2048,13545,232701328097280,bf16,streamed,dense_random,dense_random,,575.382,1.4559591269935481,395.1910389051393,nvml_energy_counter,2.472620181004998e-12,NVIDIA A100-SXM4-80GB,GPU-ac1cbae9-37e9-404d-a624-959b7a66e772,595.84,13020,2.5.1+cu124,True,1410,1593,500.0,63.0,False,0,False,2026-07-22T02:37:27.826836+00:00,False,1410.0,1410.0,1410.0,63.0,0,,,,0,0,0.0
1,e2958cc757b9,3,2048,2048,2048,13545,232701328097280,bf16,streamed,dense_random,dense_random,,537.678,1.456205588998273,369.23220461601846,nvml_energy_counter,2.3105927430514083e-12,NVIDIA A100-SXM4-80GB,GPU-ac1cbae9-37e9-404d-a624-959b7a66e772,595.84,13020,2.5.1+cu124,True,1410,1593,500.0,63.0,False,0,False,2026-07-22T02:37:27.826836+00:00,False,1410.0,1410.0,1410.0,63.0,0,,,,0,0,0.0
1,e2958cc757b9,4,2048,2048,2048,13545,232701328097280,bf16,streamed,dense_random,dense_random,,575.803,1.4557389830006287,395.5400018299512,nvml_energy_counter,2.4744293670695663e-12,NVIDIA A100-SXM4-80GB,GPU-ac1cbae9-37e9-404d-a624-959b7a66e772,595.84,13020,2.5.1+cu124,True,1410,1593,500.0,63.0,False,0,False,2026-07-22T02:37:27.826836+00:00,False,1410.0,1410.0,1410.0,63.0,0,,,,0,0,0.0
1,e2958cc757b9,0,2048,2048,2048,1536,26388279066624,fp32,streamed,declared_typical,declared_typical,,518.253,1.494075973983854,346.87191884768276,nvml_energy_counter,1.963951490324689e-11,NVIDIA A100-SXM4-80GB,GPU-ac1cbae9-37e9-404d-a624-959b7a66e772,595.84,13020,2.5.1+cu124,True,1410,1593,500.0,62.0,False,0,False,2026-07-22T02:37:39.837033+00:00,True,1410.0,1410.0,1410.0,62.0,0,,,,0,0,0.0
1,e2958cc757b9,1,2048,2048,2048,1536,26388279066624,fp32,streamed,declared_typical,declared_typical,,517.226,1.4941528800409287,346.16671888744867,nvml_energy_counter,1.9600596109133525e-11,NVIDIA A100-SXM4-80GB,GPU-ac1cbae9-37e9-404d-a624-959b7a66e772,595.84,13020,2.5.1+cu124,True,1410,1593,500.0,62.0,False,0,False,2026-07-22T02:37:39.837033+00:00,False,1410.0,1410.0,1410.0,62.0,0,,,,0,0,0.0
1,e2958cc757b9,2,2048,2048,2048,1536,26388279066624,fp32,streamed,declared_typical,declared_typical,,482.231,1.4945115119917318,322.6679728664866,nvml_energy_counter,1.8274439147110872e-11,NVIDIA A100-SXM4-80GB,GPU-ac1cbae9-37e9-404d-a624-959b7a66e772,595.84,13020,2.5.1+cu124,True,1410,1593,500.0,62.0,False,0,False,2026-07-22T02:37:39.837033+00:00,False,1410.0,1410.0,1410.0,62.0,0,,,,0,0,0.0
1,e2958cc757b9,3,2048,2048,2048,1536,26388279066624,fp32,streamed,declared_typical,declared_typical,,482.912,1.4941683380166069,323.19785375791616,nvml_energy_counter,1.830024605927368e-11,NVIDIA A100-SXM4-80GB,GPU-ac1cbae9-37e9-404d-a624-959b7a66e772,595.84,13020,2.5.1+cu124,True,1410,1593,500.0,62.0,False,0,False,2026-07-22T02:37:39.837033+00:00,False,1410.0,1410.0,1410.0,62.0,0,,,,0,0,0.0
1,e2958cc757b9,4,2048,2048,2048,1536,26388279066624,fp32,streamed,declared_typical,declared_typical,,517.048,1.4944154520053416,345.9867865433125,nvml_energy_counter,1.9593850690095375e-11,NVIDIA A100-SXM4-80GB,GPU-ac1cbae9-37e9-404d-a624-959b7a66e772,595.84,13020,2.5.1+cu124,True,1410,1593,500.0,62.0,False,0,False,2026-07-22T02:37:39.837033+00:00,False,1410.0,1410.0,1410.0,62.0,0,,,,0,0,0.0
1,e2958cc757b9,0,2048,2048,2048,1536,26388279066624,fp32,resident,dense_random,dense_random,,514.654,1.49386152200168,344.51252168969194,nvml_energy_counter,1.9503128593593525e-11,NVIDIA A100-SXM4-80GB,GPU-ac1cbae9-37e9-404d-a624-959b7a66e772,595.84,13020,2.5.1+cu124,True,1410,1593,500.0,61.0,False,0,False,2026-07-22T02:37:51.843754+00:00,True,1410.0,1410.0,1410.0,61.0,0,,,,0,0,0.0
1,e2958cc757b9,1,2048,2048,2048,1536,26388279066624,fp32,resident,dense_random,dense_random,,513.736,1.494004470994696,343.8651021291514,nvml_energy_counter,1.946834042125071e-11,NVIDIA A100-SXM4-80GB,GPU-ac1cbae9-37e9-404d-a624-959b7a66e772,595.84,13020,2.5.1+cu124,True,1410,1593,500.0,61.0,False,0,False,2026-07-22T02:37:51.843754+00:00,False,1410.0,1410.0,1410.0,61.0,0,,,,0,0,0.0
1,e2958cc757b9,2,2048,2048,2048,1536,26388279066624,fp32,resident,dense_random,dense_random,,513.474,1.4938308149576187,343.72968803335857,nvml_energy_counter,1.9458411770756358e-11,NVIDIA A100-SXM4-80GB,GPU-ac1cbae9-37e9-404d-a624-959b7a66e772,595.84,13020,2.5.1+cu124,True,1410,1593,500.0,61.0,False,0,False,2026-07-22T02:37:51.843754+00:00,False,1410.0,1410.0,1410.0,61.0,0,,,,0,0,0.0
1,e2958cc757b9,3,2048,2048,2048,1536,26388279066624,fp32,resident,dense_random,dense_random,,513.425,1.493843948992435,343.69386464114535,nvml_energy_counter,1.9456554885740235e-11,NVIDIA A100-SXM4-80GB,GPU-ac1cbae9-37e9-404d-a624-959b7a66e772,595.84,13020,2.5.1+cu124,True,1410,1593,500.0,61.0,False,0,False,2026-07-22T02:37:51.843754+00:00,False,1410.0,1410.0,1410.0,61.0,0,,,,0,0,0.0
1,e2958cc757b9,4,2048,2048,2048,1536,26388279066624,fp32,resident,dense_random,dense_random,,513.226,1.4938542079762556,343.5582918732573,nvml_energy_counter,1.9449013658838036e-11,NVIDIA A100-SXM4-80GB,GPU-ac1cbae9-37e9-404d-a624-959b7a66e772,595.84,13020,2.5.1+cu124,True,1410,1593,500.0,61.0,False,0,False,2026-07-22T02:37:51.843754+00:00,False,1410.0,1410.0,1410.0,61.0,0,,,,0,0,0.0
1,e2958cc757b9,0,2048,2048,2048,8673,149001005432832,tf32,resident,declared_typical,declared_typical,,750.515,1.4857151790056378,505.15402319730356,nvml_energy_counter,5.03697943392955e-12,NVIDIA A100-SXM4-80GB,GPU-ac1cbae9-37e9-404d-a624-959b7a66e772,595.84,13020,2.5.1+cu124,True,1380,1593,500.0,70.0,False,4,False,2026-07-22T02:38:03.792659+00:00,True,1395.0,1380.0,1395.0,69.0,4,,,,0,0,0.0
1,e2958cc757b9,1,2048,2048,2048,8673,149001005432832,tf32,resident,declared_typical,declared_typical,,747.952,1.4879141569836065,502.684913971311,nvml_energy_counter,5.019778207719333e-12,NVIDIA A100-SXM4-80GB,GPU-ac1cbae9-37e9-404d-a624-959b7a66e772,595.84,13020,2.5.1+cu124,True,1380,1593,500.0,70.0,False,4,False,2026-07-22T02:38:03.792659+00:00,False,1395.0,1380.0,1395.0,70.0,4,,,,0,0,0.0
1,e2958cc757b9,2,2048,2048,2048,8673,149001005432832,tf32,resident,declared_typical,declared_typical,,747.105,1.4904901229892857,501.24787039958835,nvml_energy_counter,5.01409368231939e-12,NVIDIA A100-SXM4-80GB,GPU-ac1cbae9-37e9-404d-a624-959b7a66e772,595.84,13020,2.5.1+cu124,True,1380,1593,500.0,70.0,False,4,False,2026-07-22T02:38:03.792659+00:00,False,1380.0,1380.0,1395.0,70.0,4,,,,0,0,0.0
1,e2958cc757b9,3,2048,2048,2048,8673,149001005432832,tf32,resident,declared_typical,declared_typical,,743.17,1.4923490729997866,497.9867066263164,nvml_energy_counter,4.987684464552239e-12,NVIDIA A100-SXM4-80GB,GPU-ac1cbae9-37e9-404d-a624-959b7a66e772,595.84,13020,2.5.1+cu124,True,1380,1593,500.0,70.0,False,4,False,2026-07-22T02:38:03.792659+00:00,False,1380.0,1380.0,1395.0,70.0,4,,,,0,0,0.0
1,e2958cc757b9,4,2048,2048,2048,8673,149001005432832,tf32,resident,declared_typical,declared_typical,,692.184,1.4928999670082703,463.6506231473213,nvml_energy_counter,4.645498854113631e-12,NVIDIA A100-SXM4-80GB,GPU-ac1cbae9-37e9-404d-a624-959b7a66e772,595.84,13020,2.5.1+cu124,True,1380,1593,500.0,70.0,False,4,False,2026-07-22T02:38:03.792659+00:00,False,1380.0,1380.0,1395.0,70.0,4,,,,0,0,0.0
1,e2958cc757b9,0,2048,2048,2048,24582,422315544281088,int8,streamed,dense_random,dense_random,,651.874,1.3860920519800857,470.29632632895704,nvml_energy_counter,1.5435709360632028e-12,NVIDIA A100-SXM4-80GB,GPU-ac1cbae9-37e9-404d-a624-959b7a66e772,595.84,13020,2.5.1+cu124,True,1410,1593,500.0,69.0,False,0,False,2026-07-22T02:38:14.917646+00:00,True,1410.0,1410.0,1410.0,69.0,0,,,,0,0,0.0
1,e2958cc757b9,1,2048,2048,2048,24582,422315544281088,int8,streamed,dense_random,dense_random,,650.88,1.3844986309995875,470.11964145466453,nvml_energy_counter,1.541217245763472e-12,NVIDIA A100-SXM4-80GB,GPU-ac1cbae9-37e9-404d-a624-959b7a66e772,595.84,13020,2.5.1+cu124,True,1410,1593,500.0,69.0,False,0,False,2026-07-22T02:38:14.917646+00:00,False,1410.0,1410.0,1410.0,69.0,0,,,,0,0,0.0
1,e2958cc757b9,2,2048,2048,2048,24582,422315544281088,int8,streamed,dense_random,dense_random,,603.929,1.3859743310022168,435.74327928807367,nvml_energy_counter,1.4300420815153144e-12,NVIDIA A100-SXM4-80GB,GPU-ac1cbae9-37e9-404d-a624-959b7a66e772,595.84,13020,2.5.1+cu124,True,1410,1593,500.0,69.0,False,0,False,2026-07-22T02:38:14.917646+00:00,False,1410.0,1410.0,1410.0,69.0,0,,,,0,0,0.0
1,e2958cc757b9,3,2048,2048,2048,24582,422315544281088,int8,streamed,dense_random,dense_random,,651.107,1.3855002510244958,469.9436174901771,nvml_energy_counter,1.541754758538159e-12,NVIDIA A100-SXM4-80GB,GPU-ac1cbae9-37e9-404d-a624-959b7a66e772,595.84,13020,2.5.1+cu124,True,1410,1593,500.0,69.0,False,0,False,2026-07-22T02:38:14.917646+00:00,False,1410.0,1410.0,1410.0,69.0,0,,,,0,0,0.0
1,e2958cc757b9,4,2048,2048,2048,24582,422315544281088,int8,streamed,dense_random,dense_random,,651.5,1.3856925219879486,470.1620234374521,nvml_energy_counter,1.5426853423286964e-12,NVIDIA A100-SXM4-80GB,GPU-ac1cbae9-37e9-404d-a624-959b7a66e772,595.84,13020,2.5.1+cu124,True,1410,1593,500.0,69.0,False,0,False,2026-07-22T02:38:14.917646+00:00,False,1410.0,1410.0,1410.0,69.0,0,,,,0,0,0.0
0,e2958cc757b9,0,2048,2048,2048,19802,340195769581568,fp16,streamed,reference_drift,reference_drift,,701.284,1.459054367034696,480.6428162270965,nvml_energy_counter,2.061413053026971e-12,NVIDIA A100-SXM4-80GB,GPU-ac1cbae9-37e9-404d-a624-959b7a66e772,595.84,13020,2.5.1+cu124,True,1335,1593,500.0,73.0,False,4,False,2026-07-22T02:38:26.638209+00:00,False,1335.0,1335.0,1350.0,73.0,4,,,,0,0,0.0
0,e2958cc757b9,1,2048,2048,2048,19802,340195769581568,fp16,streamed,reference_drift,reference_drift,,752.511,1.457453944021836,516.3188882136818,nvml_energy_counter,2.211993996649544e-12,NVIDIA A100-SXM4-80GB,GPU-ac1cbae9-37e9-404d-a624-959b7a66e772,595.84,13020,2.5.1+cu124,True,1335,1593,500.0,73.0,False,4,False,2026-07-22T02:38:26.638209+00:00,True,1335.0,1335.0,1380.0,73.0,4,,,,0,0,0.0
0,e2958cc757b9,2,2048,2048,2048,19802,340195769581568,fp16,streamed,reference_drift,reference_drift,,699.223,1.4584842269541696,479.4175947039377,nvml_energy_counter,2.055354776633543e-12,NVIDIA A100-SXM4-80GB,GPU-ac1cbae9-37e9-404d-a624-959b7a66e772,595.84,13020,2.5.1+cu124,True,1335,1593,500.0,73.0,False,4,False,2026-07-22T02:38:26.638209+00:00,False,1335.0,1335.0,1350.0,73.0,4,,,,0,0,0.0
0,e2958cc757b9,3,2048,2048,2048,19802,340195769581568,fp16,streamed,reference_drift,reference_drift,,749.976,1.4571505939820781,514.6866789866086,nvml_energy_counter,2.2045424048701462e-12,NVIDIA A100-SXM4-80GB,GPU-ac1cbae9-37e9-404d-a624-959b7a66e772,595.84,13020,2.5.1+cu124,True,1335,1593,500.0,73.0,False,4,False,2026-07-22T02:38:26.638209+00:00,False,1335.0,1335.0,1350.0,73.0,4,,,,0,0,0.0
0,e2958cc757b9,4,2048,2048,2048,19802,340195769581568,fp16,streamed,reference_drift,reference_drift,,699.177,1.4599297299864702,478.91140624040827,nvml_energy_counter,2.0552195603724575e-12,NVIDIA A100-SXM4-80GB,GPU-ac1cbae9-37e9-404d-a624-959b7a66e772,595.84,13020,2.5.1+cu124,True,1335,1593,500.0,73.0,False,4,False,2026-07-22T02:38:26.638209+00:00,False,1335.0,1320.0,1365.0,73.0,4,,,,0,0,0.0
1,e2958cc757b9,0,2048,2048,2048,8373,143847044677632,tf32,streamed,dense_random,dense_random,,688.604,1.4437967879930511,476.9396952026702,nvml_energy_counter,4.787056985030134e-12,NVIDIA A100-SXM4-80GB,GPU-ac1cbae9-37e9-404d-a624-959b7a66e772,595.84,13020,2.5.1+cu124,True,1380,1593,500.0,72.0,False,4,False,2026-07-22T02:38:38.241285+00:00,False,1380.0,1380.0,1380.0,72.0,4,,,,0,0,0.0
1,e2958cc757b9,1,2048,2048,2048,8373,143847044677632,tf32,streamed,dense_random,dense_random,,687.947,1.4442708480055444,476.32824615273205,nvml_energy_counter,4.782489633636351e-12,NVIDIA A100-SXM4-80GB,GPU-ac1cbae9-37e9-404d-a624-959b7a66e772,595.84,13020,2.5.1+cu124,True,1380,1593,500.0,72.0,False,4,False,2026-07-22T02:38:38.241285+00:00,False,1380.0,1380.0,1395.0,72.0,4,,,,0,0,0.0
1,e2958cc757b9,2,2048,2048,2048,8373,143847044677632,tf32,streamed,dense_random,dense_random,,689.019,1.4438287380035035,477.2165713731126,nvml_energy_counter,4.789941993901398e-12,NVIDIA A100-SXM4-80GB,GPU-ac1cbae9-37e9-404d-a624-959b7a66e772,595.84,13020,2.5.1+cu124,True,1380,1593,500.0,72.0,False,4,False,2026-07-22T02:38:38.241285+00:00,False,1380.0,1380.0,1380.0,72.0,4,,,,0,0,0.0
1,e2958cc757b9,3,2048,2048,2048,8373,143847044677632,tf32,streamed,dense_random,dense_random,,688.541,1.4441330489935353,476.7850167821222,nvml_energy_counter,4.7866190198279905e-12,NVIDIA A100-SXM4-80GB,GPU-ac1cbae9-37e9-404d-a624-959b7a66e772,595.84,13020,2.5.1+cu124,True,1380,1593,500.0,72.0,False,4,False,2026-07-22T02:38:38.241285+00:00,False,1380.0,1380.0,1395.0,72.0,4,,,,0,0,0.0
1,e2958cc757b9,4,2048,2048,2048,8373,143847044677632,tf32,streamed,dense_random,dense_random,,737.138,1.4437450109981,510.57353922241197,nvml_energy_counter,5.1244570345672445e-12,NVIDIA A100-SXM4-80GB,GPU-ac1cbae9-37e9-404d-a624-959b7a66e772,595.84,13020,2.5.1+cu124,True,1380,1593,500.0,72.0,False,4,False,2026-07-22T02:38:38.241285+00:00,True,1380.0,1380.0,1380.0,72.0,4,,,,0,0,0.0
1,e2958cc757b9,0,2048,2048,2048,1521,26130581028864,fp32,resident,adversarial_toggle,adversarial_toggle,,459.672,1.4789307760074735,310.81373615128365,nvml_energy_counter,1.7591342476933196e-11,NVIDIA A100-SXM4-80GB,GPU-ac1cbae9-37e9-404d-a624-959b7a66e772,595.84,13020,2.5.1+cu124,True,1410,1593,500.0,60.0,False,0,False,2026-07-22T02:38:50.128743+00:00,True,1410.0,1410.0,1410.0,63.0,0,,,,0,0,0.0
1,e2958cc757b9,1,2048,2048,2048,1521,26130581028864,fp32,resident,adversarial_toggle,adversarial_toggle,,453.392,1.4787618999835104,306.60243545972867,nvml_energy_counter,1.735101104331283e-11,NVIDIA A100-SXM4-80GB,GPU-ac1cbae9-37e9-404d-a624-959b7a66e772,595.84,13020,2.5.1+cu124,True,1410,1593,500.0,60.0,False,0,False,2026-07-22T02:38:50.128743+00:00,False,1410.0,1410.0,1410.0,62.0,0,,,,0,0,0.0
1,e2958cc757b9,2,2048,2048,2048,1521,26130581028864,fp32,resident,adversarial_toggle,adversarial_toggle,,420.308,1.479038868972566,284.1764397253282,nvml_energy_counter,1.6084908312437647e-11,NVIDIA A100-SXM4-80GB,GPU-ac1cbae9-37e9-404d-a624-959b7a66e772,595.84,13020,2.5.1+cu124,True,1410,1593,500.0,60.0,False,0,False,2026-07-22T02:38:50.128743+00:00,False,1410.0,1410.0,1410.0,61.0,0,,,,0,0,0.0
1,e2958cc757b9,3,2048,2048,2048,1521,26130581028864,fp32,resident,adversarial_toggle,adversarial_toggle,,449.941,1.478858651011251,304.2488203266269,nvml_energy_counter,1.7218943562831318e-11,NVIDIA A100-SXM4-80GB,GPU-ac1cbae9-37e9-404d-a624-959b7a66e772,595.84,13020,2.5.1+cu124,True,1410,1593,500.0,60.0,False,0,False,2026-07-22T02:38:50.128743+00:00,False,1410.0,1410.0,1410.0,61.0,0,,,,0,0,0.0
1,e2958cc757b9,4,2048,2048,2048,1521,26130581028864,fp32,resident,adversarial_toggle,adversarial_toggle,,449.05,1.478844263998326,303.6492827080461,nvml_energy_counter,1.7184845583953017e-11,NVIDIA A100-SXM4-80GB,GPU-ac1cbae9-37e9-404d-a624-959b7a66e772,595.84,13020,2.5.1+cu124,True,1410,1593,500.0,60.0,False,0,False,2026-07-22T02:38:50.128743+00:00,False,1410.0,1410.0,1410.0,60.0,0,,,,0,0,0.0
1,e2958cc757b9,0,2048,2048,2048,13528,232409270321152,bf16,resident,adversarial_toggle,adversarial_toggle,,586.097,1.4541181319509633,403.06010022283715,nvml_energy_counter,2.5218314191602975e-12,NVIDIA A100-SXM4-80GB,GPU-ac1cbae9-37e9-404d-a624-959b7a66e772,595.84,13020,2.5.1+cu124,True,1410,1593,500.0,64.0,False,0,False,2026-07-22T02:39:01.807918+00:00,False,1410.0,1410.0,1410.0,64.0,0,,,,0,0,0.0
1,e2958cc757b9,1,2048,2048,2048,13528,232409270321152,bf16,resident,adversarial_toggle,adversarial_toggle,,547.54,1.4543225550442003,376.4914448317546,nvml_energy_counter,2.3559301194973346e-12,NVIDIA A100-SXM4-80GB,GPU-ac1cbae9-37e9-404d-a624-959b7a66e772,595.84,13020,2.5.1+cu124,True,1410,1593,500.0,64.0,False,0,False,2026-07-22T02:39:01.807918+00:00,False,1410.0,1410.0,1410.0,64.0,0,,,,0,0,0.0
1,e2958cc757b9,2,2048,2048,2048,13528,232409270321152,bf16,resident,adversarial_toggle,adversarial_toggle,,587.276,1.4542381570208818,403.83756757083023,nvml_energy_counter,2.526904366544758e-12,NVIDIA A100-SXM4-80GB,GPU-ac1cbae9-37e9-404d-a624-959b7a66e772,595.84,13020,2.5.1+cu124,True,1410,1593,500.0,64.0,False,0,False,2026-07-22T02:39:01.807918+00:00,True,1410.0,1410.0,1410.0,64.0,0,,,,0,0,0.0
1,e2958cc757b9,3,2048,2048,2048,13528,232409270321152,bf16,resident,adversarial_toggle,adversarial_toggle,,547.929,1.45365123602096,376.9329165225568,nvml_energy_counter,2.3576038909414015e-12,NVIDIA A100-SXM4-80GB,GPU-ac1cbae9-37e9-404d-a624-959b7a66e772,595.84,13020,2.5.1+cu124,True,1410,1593,500.0,64.0,False,0,False,2026-07-22T02:39:01.807918+00:00,False,1410.0,1410.0,1410.0,64.0,0,,,,0,0,0.0
1,e2958cc757b9,4,2048,2048,2048,13528,232409270321152,bf16,resident,adversarial_toggle,adversarial_toggle,,547.618,1.4536091060144827,376.72989095497866,nvml_energy_counter,2.3562657343370192e-12,NVIDIA A100-SXM4-80GB,GPU-ac1cbae9-37e9-404d-a624-959b7a66e772,595.84,13020,2.5.1+cu124,True,1410,1593,500.0,64.0,False,0,False,2026-07-22T02:39:01.807918+00:00,False,1410.0,1410.0,1410.0,64.0,0,,,,0,0,0.0
1,e2958cc757b9,0,2048,2048,2048,25446,437158951256064,int8,resident,sparse_struct,sparse_struct,,550.761,1.4206536670099013,387.681398211012,nvml_energy_counter,1.2598644003915044e-12,NVIDIA A100-SXM4-80GB,GPU-ac1cbae9-37e9-404d-a624-959b7a66e772,595.84,13020,2.5.1+cu124,True,1410,1593,500.0,62.0,False,0,False,2026-07-22T02:39:13.227859+00:00,True,1410.0,1410.0,1410.0,63.0,0,,,,0,0,0.0
1,e2958cc757b9,1,2048,2048,2048,25446,437158951256064,int8,resident,sparse_struct,sparse_struct,,512.427,1.4223006780375727,360.2803597809037,nvml_energy_counter,1.172175471936861e-12,NVIDIA A100-SXM4-80GB,GPU-ac1cbae9-37e9-404d-a624-959b7a66e772,595.84,13020,2.5.1+cu124,True,1410,1593,500.0,62.0,False,0,False,2026-07-22T02:39:13.227859+00:00,False,1410.0,1410.0,1410.0,63.0,0,,,,0,0,0.0
1,e2958cc757b9,2,2048,2048,2048,25446,437158951256064,int8,resident,sparse_struct,sparse_struct,,513.534,1.4215865079895593,361.240063206742,nvml_energy_counter,1.1747077316488473e-12,NVIDIA A100-SXM4-80GB,GPU-ac1cbae9-37e9-404d-a624-959b7a66e772,595.84,13020,2.5.1+cu124,True,1410,1593,500.0,62.0,False,0,False,2026-07-22T02:39:13.227859+00:00,False,1410.0,1410.0,1410.0,63.0,0,,,,0,0,0.0
1,e2958cc757b9,3,2048,2048,2048,25446,437158951256064,int8,resident,sparse_struct,sparse_struct,,512.199,1.4214157669921406,360.34425105883327,nvml_energy_counter,1.1716539225110858e-12,NVIDIA A100-SXM4-80GB,GPU-ac1cbae9-37e9-404d-a624-959b7a66e772,595.84,13020,2.5.1+cu124,True,1410,1593,500.0,62.0,False,0,False,2026-07-22T02:39:13.227859+00:00,False,1410.0,1410.0,1410.0,62.0,0,,,,0,0,0.0
1,e2958cc757b9,4,2048,2048,2048,25446,437158951256064,int8,resident,sparse_struct,sparse_struct,,548.685,1.4212304889806546,386.0633473980226,nvml_energy_counter,1.2551155556199742e-12,NVIDIA A100-SXM4-80GB,GPU-ac1cbae9-37e9-404d-a624-959b7a66e772,595.84,13020,2.5.1+cu124,True,1410,1593,500.0,62.0,False,0,False,2026-07-22T02:39:13.227859+00:00,False,1410.0,1410.0,1410.0,62.0,0,,,,0,0,0.0
1,e2958cc757b9,0,2048,2048,2048,1536,26388279066624,fp32,streamed,dense_random,dense_random,,515.731,1.494298051984515,345.1326188340265,nvml_energy_counter,1.9543942168335586e-11,NVIDIA A100-SXM4-80GB,GPU-ac1cbae9-37e9-404d-a624-959b7a66e772,595.84,13020,2.5.1+cu124,True,1410,1593,500.0,62.0,False,0,False,2026-07-22T02:39:25.236215+00:00,True,1410.0,1410.0,1410.0,62.0,0,,,,0,0,0.0
1,e2958cc757b9,1,2048,2048,2048,1536,26388279066624,fp32,streamed,dense_random,dense_random,,514.817,1.4940138480160385,344.58649809949645,nvml_energy_counter,1.9509305578443068e-11,NVIDIA A100-SXM4-80GB,GPU-ac1cbae9-37e9-404d-a624-959b7a66e772,595.84,13020,2.5.1+cu124,True,1410,1593,500.0,62.0,False,0,False,2026-07-22T02:39:25.236215+00:00,False,1410.0,1410.0,1410.0,62.0,0,,,,0,0,0.0
1,e2958cc757b9,2,2048,2048,2048,1536,26388279066624,fp32,streamed,dense_random,dense_random,,515.019,1.4946831350098364,344.5673453702351,nvml_energy_counter,1.951696049218299e-11,NVIDIA A100-SXM4-80GB,GPU-ac1cbae9-37e9-404d-a624-959b7a66e772,595.84,13020,2.5.1+cu124,True,1410,1593,500.0,62.0,False,0,False,2026-07-22T02:39:25.236215+00:00,False,1410.0,1410.0,1410.0,62.0,0,,,,0,0,0.0
1,e2958cc757b9,3,2048,2048,2048,1536,26388279066624,fp32,streamed,dense_random,dense_random,,515.058,1.494002026040107,344.7505364936989,nvml_energy_counter,1.951843842107337e-11,NVIDIA A100-SXM4-80GB,GPU-ac1cbae9-37e9-404d-a624-959b7a66e772,595.84,13020,2.5.1+cu124,True,1410,1593,500.0,62.0,False,0,False,2026-07-22T02:39:25.236215+00:00,False,1410.0,1410.0,1410.0,62.0,0,,,,0,0,0.0
1,e2958cc757b9,4,2048,2048,2048,1536,26388279066624,fp32,streamed,dense_random,dense_random,,514.532,1.4938958369893953,344.42294252383846,nvml_energy_counter,1.9498505328859514e-11,NVIDIA A100-SXM4-80GB,GPU-ac1cbae9-37e9-404d-a624-959b7a66e772,595.84,13020,2.5.1+cu124,True,1410,1593,500.0,62.0,False,0,False,2026-07-22T02:39:25.236215+00:00,False,1410.0,1410.0,1410.0,62.0,0,,,,0,0,0.0
1,e2958cc757b9,0,2048,2048,2048,19874,341432720162816,fp16,streamed,adversarial_toggle,adversarial_toggle,,750.619,1.4621453739819117,513.3682418703778,nvml_energy_counter,2.1984389769148632e-12,NVIDIA A100-SXM4-80GB,GPU-ac1cbae9-37e9-404d-a624-959b7a66e772,595.84,13020,2.5.1+cu124,True,1335,1593,500.0,72.0,False,4,False,2026-07-22T02:39:36.981073+00:00,True,1335.0,1335.0,1350.0,71.0,4,,,,0,0,0.0
1,e2958cc757b9,1,2048,2048,2048,19874,341432720162816,fp16,streamed,adversarial_toggle,adversarial_toggle,,750.132,1.4615551870083436,513.2423371131435,nvml_energy_counter,2.197012634413864e-12,NVIDIA A100-SXM4-80GB,GPU-ac1cbae9-37e9-404d-a624-959b7a66e772,595.84,13020,2.5.1+cu124,True,1335,1593,500.0,72.0,False,4,False,2026-07-22T02:39:36.981073+00:00,False,1335.0,1320.0,1380.0,71.0,4,,,,0,0,0.0
1,e2958cc757b9,2,2048,2048,2048,19874,341432720162816,fp16,streamed,adversarial_toggle,adversarial_toggle,,696.48,1.4638946269988082,475.7719491244277,nvml_energy_counter,2.039874794858196e-12,NVIDIA A100-SXM4-80GB,GPU-ac1cbae9-37e9-404d-a624-959b7a66e772,595.84,13020,2.5.1+cu124,True,1335,1593,500.0,72.0,False,4,False,2026-07-22T02:39:36.981073+00:00,False,1335.0,1335.0,1350.0,71.0,4,,,,0,0,0.0
1,e2958cc757b9,3,2048,2048,2048,19874,341432720162816,fp16,streamed,adversarial_toggle,adversarial_toggle,,749.644,1.4636905849911273,512.160157130849,nvml_energy_counter,2.1955833630781606e-12,NVIDIA A100-SXM4-80GB,GPU-ac1cbae9-37e9-404d-a624-959b7a66e772,595.84,13020,2.5.1+cu124,True,1335,1593,500.0,72.0,False,4,False,2026-07-22T02:39:36.981073+00:00,False,1335.0,1320.0,1350.0,72.0,4,,,,0,0,0.0
1,e2958cc757b9,4,2048,2048,2048,19874,341432720162816,fp16,streamed,adversarial_toggle,adversarial_toggle,,747.149,1.465929557045456,509.675922972629,nvml_energy_counter,2.1882759204909057e-12,NVIDIA A100-SXM4-80GB,GPU-ac1cbae9-37e9-404d-a624-959b7a66e772,595.84,13020,2.5.1+cu124,True,1335,1593,500.0,72.0,False,4,False,2026-07-22T02:39:36.981073+00:00,False,1335.0,1335.0,1365.0,72.0,4,,,,0,0,0.0
1,e2958cc757b9,0,2048,2048,2048,24141,414739221970944,int8,resident,declared_typical,declared_typical,,618.195,1.3556353480089456,456.0186490474433,nvml_energy_counter,1.4905631472764586e-12,NVIDIA A100-SXM4-80GB,GPU-ac1cbae9-37e9-404d-a624-959b7a66e772,595.84,13020,2.5.1+cu124,True,1410,1593,500.0,69.0,False,0,False,2026-07-22T02:39:47.876300+00:00,True,1410.0,1410.0,1410.0,69.0,0,,,,0,0,0.0
1,e2958cc757b9,1,2048,2048,2048,24141,414739221970944,int8,resident,declared_typical,declared_typical,,573.372,1.355322390969377,423.05211204391225,nvml_energy_counter,1.3824880060178383e-12,NVIDIA A100-SXM4-80GB,GPU-ac1cbae9-37e9-404d-a624-959b7a66e772,595.84,13020,2.5.1+cu124,True,1410,1593,500.0,69.0,False,0,False,2026-07-22T02:39:47.876300+00:00,False,1410.0,1410.0,1410.0,69.0,0,,,,0,0,0.0
1,e2958cc757b9,2,2048,2048,2048,24141,414739221970944,int8,resident,declared_typical,declared_typical,,617.546,1.3559243800118566,455.4428027871289,nvml_energy_counter,1.4889983085401659e-12,NVIDIA A100-SXM4-80GB,GPU-ac1cbae9-37e9-404d-a624-959b7a66e772,595.84,13020,2.5.1+cu124,True,1410,1593,500.0,69.0,False,0,False,2026-07-22T02:39:47.876300+00:00,False,1410.0,1410.0,1410.0,69.0,0,,,,0,0,0.0
1,e2958cc757b9,3,2048,2048,2048,24141,414739221970944,int8,resident,declared_typical,declared_typical,,572.899,1.3560219639912248,422.48504464763033,nvml_energy_counter,1.3813475303286758e-12,NVIDIA A100-SXM4-80GB,GPU-ac1cbae9-37e9-404d-a624-959b7a66e772,595.84,13020,2.5.1+cu124,True,1410,1593,500.0,69.0,False,0,False,2026-07-22T02:39:47.876300+00:00,False,1410.0,1410.0,1410.0,69.0,0,,,,0,0,0.0
1,e2958cc757b9,4,2048,2048,2048,24141,414739221970944,int8,resident,declared_typical,declared_typical,,617.263,1.3547119349823333,455.64151614863397,nvml_energy_counter,1.48831595204961e-12,NVIDIA A100-SXM4-80GB,GPU-ac1cbae9-37e9-404d-a624-959b7a66e772,595.84,13020,2.5.1+cu124,True,1410,1593,500.0,69.0,False,0,False,2026-07-22T02:39:47.876300+00:00,False,1410.0,1410.0,1410.0,69.0,0,,,,0,0,0.0
1,e2958cc757b9,0,2048,2048,2048,13565,233044925480960,bf16,resident,dense_random,dense_random,,571.415,1.44924179505324,394.2854822089976,nvml_energy_counter,2.451952123912199e-12,NVIDIA A100-SXM4-80GB,GPU-ac1cbae9-37e9-404d-a624-959b7a66e772,595.84,13020,2.5.1+cu124,True,1410,1593,500.0,65.0,False,0,False,2026-07-22T02:39:59.518649+00:00,True,1410.0,1410.0,1410.0,66.0,0,,,,0,0,0.0
1,e2958cc757b9,1,2048,2048,2048,13565,233044925480960,bf16,resident,dense_random,dense_random,,531.813,1.4497408510069363,366.8331478902746,nvml_energy_counter,2.2820192239862764e-12,NVIDIA A100-SXM4-80GB,GPU-ac1cbae9-37e9-404d-a624-959b7a66e772,595.84,13020,2.5.1+cu124,True,1410,1593,500.0,65.0,False,0,False,2026-07-22T02:39:59.518649+00:00,False,1410.0,1410.0,1410.0,66.0,0,,,,0,0,0.0
1,e2958cc757b9,2,2048,2048,2048,13565,233044925480960,bf16,resident,dense_random,dense_random,,569.817,1.4493139300029725,393.16326725627437,nvml_energy_counter,2.445095076942813e-12,NVIDIA A100-SXM4-80GB,GPU-ac1cbae9-37e9-404d-a624-959b7a66e772,595.84,13020,2.5.1+cu124,True,1410,1593,500.0,65.0,False,0,False,2026-07-22T02:39:59.518649+00:00,False,1410.0,1410.0,1410.0,66.0,0,,,,0,0,0.0
1,e2958cc757b9,3,2048,2048,2048,13565,233044925480960,bf16,resident,dense_random,dense_random,,531.581,1.4499111109762453,366.63006164707514,nvml_energy_counter,2.2810237077804584e-12,NVIDIA A100-SXM4-80GB,GPU-ac1cbae9-37e9-404d-a624-959b7a66e772,595.84,13020,2.5.1+cu124,True,1410,1593,500.0,65.0,False,0,False,2026-07-22T02:39:59.518649+00:00,False,1410.0,1410.0,1410.0,65.0,0,,,,0,0,0.0
1,e2958cc757b9,4,2048,2048,2048,13565,233044925480960,bf16,resident,dense_random,dense_random,,568.926,1.4494954399997368,392.4993375626648,nvml_energy_counter,2.4412717797902958e-12,NVIDIA A100-SXM4-80GB,GPU-ac1cbae9-37e9-404d-a624-959b7a66e772,595.84,13020,2.5.1+cu124,True,1410,1593,500.0,65.0,False,0,False,2026-07-22T02:39:59.518649+00:00,False,1410.0,1410.0,1410.0,65.0,0,,,,0,0,0.0
0,e2958cc757b9,0,2048,2048,2048,19875,341449900032000,fp16,streamed,reference_drift,reference_drift,,752.241,1.4635284100077115,513.9913887944522,nvml_energy_counter,2.203078694501013e-12,NVIDIA A100-SXM4-80GB,GPU-ac1cbae9-37e9-404d-a624-959b7a66e772,595.84,13020,2.5.1+cu124,True,1335,1593,500.0,73.0,False,4,False,2026-07-22T02:40:11.292928+00:00,True,1335.0,1335.0,1350.0,72.0,4,,,,0,0,0.0
0,e2958cc757b9,1,2048,2048,2048,19875,341449900032000,fp16,streamed,reference_drift,reference_drift,,701.786,1.4636589550063945,479.47371728882973,nvml_energy_counter,2.0553117746826986e-12,NVIDIA A100-SXM4-80GB,GPU-ac1cbae9-37e9-404d-a624-959b7a66e772,595.84,13020,2.5.1+cu124,True,1335,1593,500.0,73.0,False,4,False,2026-07-22T02:40:11.292928+00:00,False,1335.0,1320.0,1380.0,73.0,4,,,,0,0,0.0
0,e2958cc757b9,2,2048,2048,2048,19875,341449900032000,fp16,streamed,reference_drift,reference_drift,,751.112,1.4655368799576536,512.5166144039331,nvml_energy_counter,2.199772206492394e-12,NVIDIA A100-SXM4-80GB,GPU-ac1cbae9-37e9-404d-a624-959b7a66e772,595.84,13020,2.5.1+cu124,True,1335,1593,500.0,73.0,False,4,False,2026-07-22T02:40:11.292928+00:00,False,1335.0,1320.0,1350.0,73.0,4,,,,0,0,0.0
0,e2958cc757b9,3,2048,2048,2048,19875,341449900032000,fp16,streamed,reference_drift,reference_drift,,748.588,1.464371543028392,511.20086535680923,nvml_energy_counter,2.1923801996423014e-12,NVIDIA A100-SXM4-80GB,GPU-ac1cbae9-37e9-404d-a624-959b7a66e772,595.84,13020,2.5.1+cu124,True,1335,1593,500.0,73.0,False,4,False,2026-07-22T02:40:11.292928+00:00,False,1335.0,1305.0,1350.0,73.0,4,,,,0,0,0.0
0,e2958cc757b9,4,2048,2048,2048,19875,341449900032000,fp16,streamed,reference_drift,reference_drift,,701.11,1.462989347986877,479.23110374299796,nvml_energy_counter,2.0533319820398054e-12,NVIDIA A100-SXM4-80GB,GPU-ac1cbae9-37e9-404d-a624-959b7a66e772,595.84,13020,2.5.1+cu124,True,1335,1593,500.0,73.0,False,4,False,2026-07-22T02:40:11.292928+00:00,False,1335.0,1335.0,1350.0,73.0,4,,,,0,0,0.0
1,e2958cc757b9,0,2048,2048,2048,1457,25031069401088,fp32,streamed,zeros,zeros,,315.962,1.4164924849756062,223.059425553847,nvml_energy_counter,1.2622792695635545e-11,NVIDIA A100-SXM4-80GB,GPU-ac1cbae9-37e9-404d-a624-959b7a66e772,595.84,13020,2.5.1+cu124,True,1410,1593,500.0,54.0,False,0,False,2026-07-22T02:40:22.684704+00:00,False,1410.0,1410.0,1410.0,57.0,0,,,,0,0,0.0
1,e2958cc757b9,1,2048,2048,2048,1457,25031069401088,fp32,streamed,zeros,zeros,,313.643,1.416664969001431,221.3953241330436,nvml_energy_counter,1.2530147832452064e-11,NVIDIA A100-SXM4-80GB,GPU-ac1cbae9-37e9-404d-a624-959b7a66e772,595.84,13020,2.5.1+cu124,True,1410,1593,500.0,54.0,False,0,False,2026-07-22T02:40:22.684704+00:00,False,1410.0,1410.0,1410.0,56.0,0,,,,0,0,0.0
1,e2958cc757b9,2,2048,2048,2048,1457,25031069401088,fp32,streamed,zeros,zeros,,311.288,1.4165225320030004,219.7550642274857,nvml_energy_counter,1.2436064756644778e-11,NVIDIA A100-SXM4-80GB,GPU-ac1cbae9-37e9-404d-a624-959b7a66e772,595.84,13020,2.5.1+cu124,True,1410,1593,500.0,54.0,False,0,False,2026-07-22T02:40:22.684704+00:00,False,1410.0,1410.0,1410.0,55.0,0,,,,0,0,0.0
1,e2958cc757b9,3,2048,2048,2048,1457,25031069401088,fp32,streamed,zeros,zeros,,307.604,1.416635392990429,217.1370287104483,nvml_energy_counter,1.2288887664808667e-11,NVIDIA A100-SXM4-80GB,GPU-ac1cbae9-37e9-404d-a624-959b7a66e772,595.84,13020,2.5.1+cu124,True,1410,1593,500.0,54.0,False,0,False,2026-07-22T02:40:22.684704+00:00,False,1410.0,1410.0,1410.0,55.0,0,,,,0,0,0.0
1,e2958cc757b9,4,2048,2048,2048,1457,25031069401088,fp32,streamed,zeros,zeros,,328.846,1.416532198956702,232.14862340736076,nvml_energy_counter,1.3137513013555322e-11,NVIDIA A100-SXM4-80GB,GPU-ac1cbae9-37e9-404d-a624-959b7a66e772,595.84,13020,2.5.1+cu124,True,1410,1593,500.0,54.0,False,0,False,2026-07-22T02:40:22.684704+00:00,True,1410.0,1410.0,1410.0,54.0,0,,,,0,0,0.0
1,e2958cc757b9,0,2048,2048,2048,13500,231928233984000,bf16,streamed,sparse_struct,sparse_struct,,399.056,1.4508167599560693,275.05610013223406,nvml_energy_counter,1.7206012098877518e-12,NVIDIA A100-SXM4-80GB,GPU-ac1cbae9-37e9-404d-a624-959b7a66e772,595.84,13020,2.5.1+cu124,True,1410,1593,500.0,55.0,False,0,False,2026-07-22T02:40:34.347910+00:00,False,1410.0,1410.0,1410.0,56.0,0,,,,0,0,0.0
1,e2958cc757b9,1,2048,2048,2048,13500,231928233984000,bf16,streamed,sparse_struct,sparse_struct,,425.971,1.452888368978165,293.18907707932914,nvml_energy_counter,1.836650039034861e-12,NVIDIA A100-SXM4-80GB,GPU-ac1cbae9-37e9-404d-a624-959b7a66e772,595.84,13020,2.5.1+cu124,True,1410,1593,500.0,55.0,False,0,False,2026-07-22T02:40:34.347910+00:00,True,1410.0,1410.0,1410.0,56.0,0,,,,0,0,0.0
1,e2958cc757b9,2,2048,2048,2048,13500,231928233984000,bf16,streamed,sparse_struct,sparse_struct,,397.432,1.4527974529773928,273.5632549365328,nvml_energy_counter,1.713599043863791e-12,NVIDIA A100-SXM4-80GB,GPU-ac1cbae9-37e9-404d-a624-959b7a66e772,595.84,13020,2.5.1+cu124,True,1410,1593,500.0,55.0,False,0,False,2026-07-22T02:40:34.347910+00:00,False,1410.0,1410.0,1410.0,56.0,0,,,,0,0,0.0
1,e2958cc757b9,3,2048,2048,2048,13500,231928233984000,bf16,streamed,sparse_struct,sparse_struct,,396.99,1.4521287439856678,273.3848507883528,nvml_energy_counter,1.7116932819286983e-12,NVIDIA A100-SXM4-80GB,GPU-ac1cbae9-37e9-404d-a624-959b7a66e772,595.84,13020,2.5.1+cu124,True,1410,1593,500.0,55.0,False,0,False,2026-07-22T02:40:34.347910+00:00,False,1410.0,1410.0,1410.0,55.0,0,,,,0,0,0.0
1,e2958cc757b9,4,2048,2048,2048,13500,231928233984000,bf16,streamed,sparse_struct,sparse_struct,,425.767,1.4495420099701732,293.7251884191758,nvml_energy_counter,1.8357704566032797e-12,NVIDIA A100-SXM4-80GB,GPU-ac1cbae9-37e9-404d-a624-959b7a66e772,595.84,13020,2.5.1+cu124,True,1410,1593,500.0,55.0,False,0,False,2026-07-22T02:40:34.347910+00:00,False,1410.0,1410.0,1410.0,55.0,0,,,,0,0,0.0
1,e2958cc757b9,0,2048,2048,2048,8695,149378962554880,tf32,streamed,zeros,zeros,,429.438,1.4543054579989985,295.2873467111032,nvml_energy_counter,2.8748224827323308e-12,NVIDIA A100-SXM4-80GB,GPU-ac1cbae9-37e9-404d-a624-959b7a66e772,595.84,13020,2.5.1+cu124,True,1410,1593,500.0,54.0,False,0,False,2026-07-22T02:40:46.040422+00:00,True,1410.0,1410.0,1410.0,55.0,0,,,,0,0,0.0
1,e2958cc757b9,1,2048,2048,2048,8695,149378962554880,tf32,streamed,zeros,zeros,,400.437,1.4542929839808494,275.34823065973967,nvml_energy_counter,2.680678678919626e-12,NVIDIA A100-SXM4-80GB,GPU-ac1cbae9-37e9-404d-a624-959b7a66e772,595.84,13020,2.5.1+cu124,True,1410,1593,500.0,54.0,False,0,False,2026-07-22T02:40:46.040422+00:00,False,1410.0,1410.0,1410.0,54.0,0,,,,0,0,0.0
1,e2958cc757b9,2,2048,2048,2048,8695,149378962554880,tf32,streamed,zeros,zeros,,428.235,1.456369741994422,294.04277475138605,nvml_energy_counter,2.8667691398825433e-12,NVIDIA A100-SXM4-80GB,GPU-ac1cbae9-37e9-404d-a624-959b7a66e772,595.84,13020,2.5.1+cu124,True,1410,1593,500.0,54.0,False,0,False,2026-07-22T02:40:46.040422+00:00,False,1410.0,1410.0,1410.0,54.0,0,,,,0,0,0.0
1,e2958cc757b9,3,2048,2048,2048,8695,149378962554880,tf32,streamed,zeros,zeros,,399.921,1.4561339690117165,274.64574586597126,nvml_energy_counter,2.6772243772483955e-12,NVIDIA A100-SXM4-80GB,GPU-ac1cbae9-37e9-404d-a624-959b7a66e772,595.84,13020,2.5.1+cu124,True,1410,1593,500.0,54.0,False,0,False,2026-07-22T02:40:46.040422+00:00,False,1410.0,1410.0,1410.0,54.0,0,,,,0,0,0.0
1,e2958cc757b9,4,2048,2048,2048,8695,149378962554880,tf32,streamed,zeros,zeros,,428.28,1.4556447810027748,294.220132266722,nvml_energy_counter,2.8670703871213133e-12,NVIDIA A100-SXM4-80GB,GPU-ac1cbae9-37e9-404d-a624-959b7a66e772,595.84,13020,2.5.1+cu124,True,1410,1593,500.0,54.0,False,0,False,2026-07-22T02:40:46.040422+00:00,False,1410.0,1410.0,1410.0,54.0,0,,,,0,0,0.0
1,e2958cc757b9,0,2048,2048,2048,1537,26405458935808,fp32,streamed,low_entropy,low_entropy,,355.941,1.494338073011022,238.19308791537068,nvml_energy_counter,1.3479826306571568e-11,NVIDIA A100-SXM4-80GB,GPU-ac1cbae9-37e9-404d-a624-959b7a66e772,595.84,13020,2.5.1+cu124,True,1410,1593,500.0,52.0,False,0,False,2026-07-22T02:40:58.051830+00:00,False,1410.0,1410.0,1410.0,53.0,0,,,,0,0,0.0
1,e2958cc757b9,1,2048,2048,2048,1537,26405458935808,fp32,streamed,low_entropy,low_entropy,,355.08,1.494305681961123,237.62206373597797,nvml_energy_counter,1.3447219412592066e-11,NVIDIA A100-SXM4-80GB,GPU-ac1cbae9-37e9-404d-a624-959b7a66e772,595.84,13020,2.5.1+cu124,True,1410,1593,500.0,52.0,False,0,False,2026-07-22T02:40:58.051830+00:00,False,1410.0,1410.0,1410.0,53.0,0,,,,0,0,0.0
1,e2958cc757b9,2,2048,2048,2048,1537,26405458935808,fp32,streamed,low_entropy,low_entropy,,380.383,1.4944325200049207,254.53340643226065,nvml_energy_counter,1.4405468237636611e-11,NVIDIA A100-SXM4-80GB,GPU-ac1cbae9-37e9-404d-a624-959b7a66e772,595.84,13020,2.5.1+cu124,True,1410,1593,500.0,52.0,False,0,False,2026-07-22T02:40:58.051830+00:00,True,1410.0,1410.0,1410.0,52.0,0,,,,0,0,0.0
1,e2958cc757b9,3,2048,2048,2048,1537,26405458935808,fp32,streamed,low_entropy,low_entropy,,379.862,1.4941875300137326,254.22645576255667,nvml_energy_counter,1.4385737469038098e-11,NVIDIA A100-SXM4-80GB,GPU-ac1cbae9-37e9-404d-a624-959b7a66e772,595.84,13020,2.5.1+cu124,True,1410,1593,500.0,52.0,False,0,False,2026-07-22T02:40:58.051830+00:00,False,1410.0,1410.0,1410.0,52.0,0,,,,0,0,0.0
1,e2958cc757b9,4,2048,2048,2048,1537,26405458935808,fp32,streamed,low_entropy,low_entropy,,379.955,1.4945381180150434,254.22904603104644,nvml_energy_counter,1.4389259468039367e-11,NVIDIA A100-SXM4-80GB,GPU-ac1cbae9-37e9-404d-a624-959b7a66e772,595.84,13020,2.5.1+cu124,True,1410,1593,500.0,52.0,False,0,False,2026-07-22T02:40:58.051830+00:00,False,1410.0,1410.0,1410.0,52.0,0,,,,0,0,0.0
1,e2958cc757b9,0,2048,2048,2048,25249,433774517026816,int8,resident,adversarial_toggle,adversarial_toggle,,602.206,1.4157903499435633,425.3496995681637,nvml_energy_counter,1.3882927105253893e-12,NVIDIA A100-SXM4-80GB,GPU-ac1cbae9-37e9-404d-a624-959b7a66e772,595.84,13020,2.5.1+cu124,True,1410,1593,500.0,62.0,False,0,False,2026-07-22T02:41:09.412870+00:00,True,1410.0,1410.0,1410.0,61.0,0,,,,0,0,0.0
1,e2958cc757b9,1,2048,2048,2048,25249,433774517026816,int8,resident,adversarial_toggle,adversarial_toggle,,562.164,1.4141437509679236,397.52960023704924,nvml_energy_counter,1.295982078092538e-12,NVIDIA A100-SXM4-80GB,GPU-ac1cbae9-37e9-404d-a624-959b7a66e772,595.84,13020,2.5.1+cu124,True,1410,1593,500.0,62.0,False,0,False,2026-07-22T02:41:09.412870+00:00,False,1410.0,1410.0,1410.0,61.0,0,,,,0,0,0.0
1,e2958cc757b9,2,2048,2048,2048,25249,433774517026816,int8,resident,adversarial_toggle,adversarial_toggle,,563.661,1.4131018960033543,398.882063348857,nvml_energy_counter,1.2994331798544872e-12,NVIDIA A100-SXM4-80GB,GPU-ac1cbae9-37e9-404d-a624-959b7a66e772,595.84,13020,2.5.1+cu124,True,1410,1593,500.0,62.0,False,0,False,2026-07-22T02:41:09.412870+00:00,False,1410.0,1410.0,1410.0,62.0,0,,,,0,0,0.0
1,e2958cc757b9,3,2048,2048,2048,25249,433774517026816,int8,resident,adversarial_toggle,adversarial_toggle,,563.451,1.4154008899931796,398.0858030990182,nvml_energy_counter,1.2989490573628313e-12,NVIDIA A100-SXM4-80GB,GPU-ac1cbae9-37e9-404d-a624-959b7a66e772,595.84,13020,2.5.1+cu124,True,1410,1593,500.0,62.0,False,0,False,2026-07-22T02:41:09.412870+00:00,False,1410.0,1410.0,1410.0,62.0,0,,,,0,0,0.0
1,e2958cc757b9,4,2048,2048,2048,25249,433774517026816,int8,resident,adversarial_toggle,adversarial_toggle,,564.073,1.4141680669854395,398.8726751569393,nvml_energy_counter,1.300382982076213e-12,NVIDIA A100-SXM4-80GB,GPU-ac1cbae9-37e9-404d-a624-959b7a66e772,595.84,13020,2.5.1+cu124,True,1410,1593,500.0,62.0,False,0,False,2026-07-22T02:41:09.412870+00:00,False,1410.0,1410.0,1410.0,62.0,0,,,,0,0,0.0
1,e2958cc757b9,0,2048,2048,2048,8656,148708947656704,tf32,resident,sparse_struct,sparse_struct,,671.01,1.451732620014809,462.2132138858704,nvml_energy_counter,4.512236893431812e-12,NVIDIA A100-SXM4-80GB,GPU-ac1cbae9-37e9-404d-a624-959b7a66e772,595.84,13020,2.5.1+cu124,True,1410,1593,500.0,68.0,False,0,False,2026-07-22T02:41:21.082034+00:00,False,1410.0,1410.0,1410.0,67.0,0,,,,0,0,0.0
1,e2958cc757b9,1,2048,2048,2048,8656,148708947656704,tf32,resident,sparse_struct,sparse_struct,,716.882,1.4532788320211694,493.2859298604009,nvml_energy_counter,4.820705218457526e-12,NVIDIA A100-SXM4-80GB,GPU-ac1cbae9-37e9-404d-a624-959b7a66e772,595.84,13020,2.5.1+cu124,True,1410,1593,500.0,68.0,False,0,False,2026-07-22T02:41:21.082034+00:00,False,1410.0,1410.0,1410.0,67.0,0,,,,0,0,0.0
1,e2958cc757b9,2,2048,2048,2048,8656,148708947656704,tf32,resident,sparse_struct,sparse_struct,,670.449,1.4533069650060497,461.32648927145897,nvml_energy_counter,4.508464423726121e-12,NVIDIA A100-SXM4-80GB,GPU-ac1cbae9-37e9-404d-a624-959b7a66e772,595.84,13020,2.5.1+cu124,True,1410,1593,500.0,68.0,False,0,False,2026-07-22T02:41:21.082034+00:00,False,1410.0,1410.0,1410.0,68.0,0,,,,0,0,0.0
1,e2958cc757b9,3,2048,2048,2048,8656,148708947656704,tf32,resident,sparse_struct,sparse_struct,,719.545,1.4530047979787923,495.21171643818775,nvml_energy_counter,4.838612681605927e-12,NVIDIA A100-SXM4-80GB,GPU-ac1cbae9-37e9-404d-a624-959b7a66e772,595.84,13020,2.5.1+cu124,True,1410,1593,500.0,68.0,False,0,False,2026-07-22T02:41:21.082034+00:00,True,1410.0,1410.0,1410.0,68.0,0,,,,0,0,0.0
1,e2958cc757b9,4,2048,2048,2048,8656,148708947656704,tf32,resident,sparse_struct,sparse_struct,,672.584,1.4526109989965335,463.0172843690584,nvml_energy_counter,4.5228213271515205e-12,NVIDIA A100-SXM4-80GB,GPU-ac1cbae9-37e9-404d-a624-959b7a66e772,595.84,13020,2.5.1+cu124,True,1410,1593,500.0,68.0,False,0,False,2026-07-22T02:41:21.082034+00:00,False,1410.0,1410.0,1410.0,68.0,0,,,,0,0,0.0
1,e2958cc757b9,0,2048,2048,2048,13578,233268263780352,bf16,resident,sparse_struct,sparse_struct,,388.856,1.4533957610256039,267.5499753250964,nvml_energy_counter,1.6669905871385537e-12,NVIDIA A100-SXM4-80GB,GPU-ac1cbae9-37e9-404d-a624-959b7a66e772,595.84,13020,2.5.1+cu124,True,1410,1593,500.0,55.0,False,0,False,2026-07-22T02:41:32.754834+00:00,False,1410.0,1410.0,1410.0,57.0,0,,,,0,0,0.0
1,e2958cc757b9,1,2048,2048,2048,13578,233268263780352,bf16,resident,sparse_struct,sparse_struct,,416.166,1.4528509289957583,286.4478328052988,nvml_energy_counter,1.7840660930707083e-12,NVIDIA A100-SXM4-80GB,GPU-ac1cbae9-37e9-404d-a624-959b7a66e772,595.84,13020,2.5.1+cu124,True,1410,1593,500.0,55.0,False,0,False,2026-07-22T02:41:32.754834+00:00,True,1410.0,1410.0,1410.0,57.0,0,,,,0,0,0.0
1,e2958cc757b9,2,2048,2048,2048,13578,233268263780352,bf16,resident,sparse_struct,sparse_struct,,387.498,1.4543534680269659,266.44004261611536,nvml_energy_counter,1.661168963665252e-12,NVIDIA A100-SXM4-80GB,GPU-ac1cbae9-37e9-404d-a624-959b7a66e772,595.84,13020,2.5.1+cu124,True,1410,1593,500.0,55.0,False,0,False,2026-07-22T02:41:32.754834+00:00,False,1410.0,1410.0,1410.0,56.0,0,,,,0,0,0.0
1,e2958cc757b9,3,2048,2048,2048,13578,233268263780352,bf16,resident,sparse_struct,sparse_struct,,414.41,1.4525935550336726,285.2897140868793,nvml_energy_counter,1.7765382795072935e-12,NVIDIA A100-SXM4-80GB,GPU-ac1cbae9-37e9-404d-a624-959b7a66e772,595.84,13020,2.5.1+cu124,True,1410,1593,500.0,55.0,False,0,False,2026-07-22T02:41:32.754834+00:00,False,1410.0,1410.0,1410.0,56.0,0,,,,0,0,0.0
1,e2958cc757b9,4,2048,2048,2048,13578,233268263780352,bf16,resident,sparse_struct,sparse_struct,,386.232,1.4512631589896046,266.1350545609534,nvml_energy_counter,1.6557417358911729e-12,NVIDIA A100-SXM4-80GB,GPU-ac1cbae9-37e9-404d-a624-959b7a66e772,595.84,13020,2.5.1+cu124,True,1410,1593,500.0,55.0,False,0,False,2026-07-22T02:41:32.754834+00:00,False,1410.0,1410.0,1410.0,55.0,0,,,,0,0,0.0
1,e2958cc757b9,0,2048,2048,2048,8687,149241523601408,tf32,streamed,adversarial_toggle,adversarial_toggle,,735.164,1.481768278987147,496.1396531598831,nvml_energy_counter,4.92600170689402e-12,NVIDIA A100-SXM4-80GB,GPU-ac1cbae9-37e9-404d-a624-959b7a66e772,595.84,13020,2.5.1+cu124,True,1395,1593,500.0,70.0,False,4,False,2026-07-22T02:41:44.632880+00:00,False,1395.0,1395.0,1395.0,68.0,4,,,,0,0,0.0
1,e2958cc757b9,1,2048,2048,2048,8687,149241523601408,tf32,streamed,adversarial_toggle,adversarial_toggle,,736.108,1.4801407239865512,497.3229829238104,nvml_energy_counter,4.9323270242535585e-12,NVIDIA A100-SXM4-80GB,GPU-ac1cbae9-37e9-404d-a624-959b7a66e772,595.84,13020,2.5.1+cu124,True,1395,1593,500.0,70.0,False,4,False,2026-07-22T02:41:44.632880+00:00,False,1395.0,1395.0,1395.0,69.0,4,,,,0,0,0.0
1,e2958cc757b9,2,2048,2048,2048,8687,149241523601408,tf32,streamed,adversarial_toggle,adversarial_toggle,,736.829,1.481155026005581,497.46919604161917,nvml_energy_counter,4.937158119397867e-12,NVIDIA A100-SXM4-80GB,GPU-ac1cbae9-37e9-404d-a624-959b7a66e772,595.84,13020,2.5.1+cu124,True,1395,1593,500.0,70.0,False,4,False,2026-07-22T02:41:44.632880+00:00,False,1395.0,1395.0,1395.0,69.0,4,,,,0,0,0.0
1,e2958cc757b9,3,2048,2048,2048,8687,149241523601408,tf32,streamed,adversarial_toggle,adversarial_toggle,,686.661,1.4807853539823554,463.7140677771601,nvml_energy_counter,4.601005024807464e-12,NVIDIA A100-SXM4-80GB,GPU-ac1cbae9-37e9-404d-a624-959b7a66e772,595.84,13020,2.5.1+cu124,True,1395,1593,500.0,70.0,False,4,False,2026-07-22T02:41:44.632880+00:00,False,1395.0,1395.0,1395.0,69.0,4,,,,0,0,0.0
1,e2958cc757b9,4,2048,2048,2048,8687,149241523601408,tf32,streamed,adversarial_toggle,adversarial_toggle,,737.887,1.4818862900137901,497.9376656444627,nvml_energy_counter,4.944247299235147e-12,NVIDIA A100-SXM4-80GB,GPU-ac1cbae9-37e9-404d-a624-959b7a66e772,595.84,13020,2.5.1+cu124,True,1395,1593,500.0,70.0,False,4,False,2026-07-22T02:41:44.632880+00:00,True,1395.0,1395.0,1395.0,70.0,4,,,,0,0,0.0
0,e2958cc757b9,0,2048,2048,2048,19857,341140662386688,fp16,streamed,reference_drift,reference_drift,,701.697,1.4586372589692473,481.06340057147406,nvml_energy_counter,2.0569139870069667e-12,NVIDIA A100-SXM4-80GB,GPU-ac1cbae9-37e9-404d-a624-959b7a66e772,595.84,13020,2.5.1+cu124,True,1335,1593,500.0,72.0,False,4,False,2026-07-22T02:41:56.353261+00:00,False,1335.0,1335.0,1365.0,72.0,4,,,,0,0,0.0
0,e2958cc757b9,1,2048,2048,2048,19857,341140662386688,fp16,streamed,reference_drift,reference_drift,,750.307,1.4577253780444153,514.7108030777105,nvml_energy_counter,2.1994065285290322e-12,NVIDIA A100-SXM4-80GB,GPU-ac1cbae9-37e9-404d-a624-959b7a66e772,595.84,13020,2.5.1+cu124,True,1335,1593,500.0,72.0,False,4,False,2026-07-22T02:41:56.353261+00:00,True,1335.0,1335.0,1350.0,72.0,4,,,,0,0,0.0
0,e2958cc757b9,2,2048,2048,2048,19857,341140662386688,fp16,streamed,reference_drift,reference_drift,,703.68,1.45889577397611,482.337403776401,nvml_energy_counter,2.06272683847453e-12,NVIDIA A100-SXM4-80GB,GPU-ac1cbae9-37e9-404d-a624-959b7a66e772,595.84,13020,2.5.1+cu124,True,1335,1593,500.0,72.0,False,4,False,2026-07-22T02:41:56.353261+00:00,False,1335.0,1335.0,1350.0,72.0,4,,,,0,0,0.0
0,e2958cc757b9,3,2048,2048,2048,19857,341140662386688,fp16,streamed,reference_drift,reference_drift,,748.481,1.456872246984858,513.758842993307,nvml_energy_counter,2.194053897777761e-12,NVIDIA A100-SXM4-80GB,GPU-ac1cbae9-37e9-404d-a624-959b7a66e772,595.84,13020,2.5.1+cu124,True,1335,1593,500.0,72.0,False,4,False,2026-07-22T02:41:56.353261+00:00,False,1335.0,1320.0,1365.0,72.0,4,,,,0,0,0.0
0,e2958cc757b9,4,2048,2048,2048,19857,341140662386688,fp16,streamed,reference_drift,reference_drift,,748.005,1.459308369026985,512.5750087342699,nvml_energy_counter,2.1926585789181745e-12,NVIDIA A100-SXM4-80GB,GPU-ac1cbae9-37e9-404d-a624-959b7a66e772,595.84,13020,2.5.1+cu124,True,1335,1593,500.0,72.0,False,4,False,2026-07-22T02:41:56.353261+00:00,False,1335.0,1320.0,1350.0,72.0,4,,,,0,0,0.0
1,e2958cc757b9,0,2048,2048,2048,19291,331416856428544,fp16,streamed,zeros,zeros,,376.451,1.348412683000788,279.18085074833135,nvml_energy_counter,1.135883684543866e-12,NVIDIA A100-SXM4-80GB,GPU-ac1cbae9-37e9-404d-a624-959b7a66e772,595.84,13020,2.5.1+cu124,True,1410,1593,500.0,57.0,False,0,False,2026-07-22T02:42:07.197133+00:00,False,1410.0,1410.0,1410.0,60.0,0,,,,0,0,0.0
1,e2958cc757b9,1,2048,2048,2048,19291,331416856428544,fp16,streamed,zeros,zeros,,403.139,1.3502941749757156,298.55642383057034,nvml_energy_counter,1.2164106688608334e-12,NVIDIA A100-SXM4-80GB,GPU-ac1cbae9-37e9-404d-a624-959b7a66e772,595.84,13020,2.5.1+cu124,True,1410,1593,500.0,57.0,False,0,False,2026-07-22T02:42:07.197133+00:00,True,1410.0,1410.0,1410.0,59.0,0,,,,0,0,0.0
1,e2958cc757b9,2,2048,2048,2048,19291,331416856428544,fp16,streamed,zeros,zeros,,374.325,1.350513796962332,277.1722886815058,nvml_energy_counter,1.129468802624731e-12,NVIDIA A100-SXM4-80GB,GPU-ac1cbae9-37e9-404d-a624-959b7a66e772,595.84,13020,2.5.1+cu124,True,1410,1593,500.0,57.0,False,0,False,2026-07-22T02:42:07.197133+00:00,False,1410.0,1410.0,1410.0,58.0,0,,,,0,0,0.0
1,e2958cc757b9,3,2048,2048,2048,19291,331416856428544,fp16,streamed,zeros,zeros,,401.53,1.3481678539537825,297.8338333928003,nvml_energy_counter,1.2115557558749969e-12,NVIDIA A100-SXM4-80GB,GPU-ac1cbae9-37e9-404d-a624-959b7a66e772,595.84,13020,2.5.1+cu124,True,1410,1593,500.0,57.0,False,0,False,2026-07-22T02:42:07.197133+00:00,False,1410.0,1410.0,1410.0,58.0,0,,,,0,0,0.0
1,e2958cc757b9,4,2048,2048,2048,19291,331416856428544,fp16,streamed,zeros,zeros,,372.808,1.349085666006431,276.34123569305115,nvml_energy_counter,1.1248914856579729e-12,NVIDIA A100-SXM4-80GB,GPU-ac1cbae9-37e9-404d-a624-959b7a66e772,595.84,13020,2.5.1+cu124,True,1410,1593,500.0,57.0,False,0,False,2026-07-22T02:42:07.197133+00:00,False,1410.0,1410.0,1410.0,58.0,0,,,,0,0,0.0
1,e2958cc757b9,0,2048,2048,2048,8698,149430502162432,tf32,streamed,sparse_struct,sparse_struct,,723.709,1.4596137020271271,495.82228434475854,nvml_energy_counter,4.843114287425222e-12,NVIDIA A100-SXM4-80GB,GPU-ac1cbae9-37e9-404d-a624-959b7a66e772,595.84,13020,2.5.1+cu124,True,1410,1593,500.0,70.0,False,0,False,2026-07-22T02:42:18.922074+00:00,False,1410.0,1410.0,1410.0,69.0,0,,,,0,0,0.0
1,e2958cc757b9,1,2048,2048,2048,8698,149430502162432,tf32,streamed,sparse_struct,sparse_struct,,675.559,1.460283639957197,462.62176848040394,nvml_energy_counter,4.520890917342047e-12,NVIDIA A100-SXM4-80GB,GPU-ac1cbae9-37e9-404d-a624-959b7a66e772,595.84,13020,2.5.1+cu124,True,1410,1593,500.0,70.0,False,0,False,2026-07-22T02:42:18.922074+00:00,False,1410.0,1410.0,1410.0,69.0,0,,,,0,0,0.0
1,e2958cc757b9,2,2048,2048,2048,8698,149430502162432,tf32,streamed,sparse_struct,sparse_struct,,725.408,1.459763953986112,496.93513668368155,nvml_energy_counter,4.854484121397628e-12,NVIDIA A100-SXM4-80GB,GPU-ac1cbae9-37e9-404d-a624-959b7a66e772,595.84,13020,2.5.1+cu124,True,1410,1593,500.0,70.0,False,0,False,2026-07-22T02:42:18.922074+00:00,False,1410.0,1410.0,1410.0,69.0,0,,,,0,0,0.0
1,e2958cc757b9,3,2048,2048,2048,8698,149430502162432,tf32,streamed,sparse_struct,sparse_struct,,676.912,1.4609338190057315,463.34200166622634,nvml_energy_counter,4.529945293660272e-12,NVIDIA A100-SXM4-80GB,GPU-ac1cbae9-37e9-404d-a624-959b7a66e772,595.84,13020,2.5.1+cu124,True,1410,1593,500.0,70.0,False,0,False,2026-07-22T02:42:18.922074+00:00,False,1410.0,1410.0,1410.0,70.0,0,,,,0,0,0.0
1,e2958cc757b9,4,2048,2048,2048,8698,149430502162432,tf32,streamed,sparse_struct,sparse_struct,,726.025,1.4590642609982751,497.59631525979665,nvml_energy_counter,4.858613131145111e-12,NVIDIA A100-SXM4-80GB,GPU-ac1cbae9-37e9-404d-a624-959b7a66e772,595.84,13020,2.5.1+cu124,True,1410,1593,500.0,70.0,False,0,False,2026-07-22T02:42:18.922074+00:00,True,1410.0,1410.0,1410.0,70.0,0,,,,0,0,0.0
1,e2958cc757b9,0,2048,2048,2048,19868,341329640947712,fp16,resident,sparse_struct,sparse_struct,,651.392,1.3962778499699198,466.5203276081713,nvml_energy_counter,1.908395644138583e-12,NVIDIA A100-SXM4-80GB,GPU-ac1cbae9-37e9-404d-a624-959b7a66e772,595.84,13020,2.5.1+cu124,True,1395,1593,500.0,73.0,False,4,False,2026-07-22T02:42:30.148707+00:00,True,1395.0,1380.0,1395.0,73.0,4,,,,0,0,0.0
1,e2958cc757b9,1,2048,2048,2048,19868,341329640947712,fp16,resident,sparse_struct,sparse_struct,,649.843,1.3965946650132537,465.30537190175573,nvml_energy_counter,1.9038575091096437e-12,NVIDIA A100-SXM4-80GB,GPU-ac1cbae9-37e9-404d-a624-959b7a66e772,595.84,13020,2.5.1+cu124,True,1395,1593,500.0,73.0,False,4,False,2026-07-22T02:42:30.148707+00:00,False,1395.0,1380.0,1395.0,73.0,4,,,,0,0,0.0
1,e2958cc757b9,2,2048,2048,2048,19868,341329640947712,fp16,resident,sparse_struct,sparse_struct,,648.803,1.398280398978386,464.0006399818159,nvml_energy_counter,1.900810601149607e-12,NVIDIA A100-SXM4-80GB,GPU-ac1cbae9-37e9-404d-a624-959b7a66e772,595.84,13020,2.5.1+cu124,True,1395,1593,500.0,73.0,False,4,False,2026-07-22T02:42:30.148707+00:00,False,1395.0,1380.0,1395.0,73.0,4,,,,0,0,0.0
1,e2958cc757b9,3,2048,2048,2048,19868,341329640947712,fp16,resident,sparse_struct,sparse_struct,,649.607,1.3968750420026481,465.0430285222094,nvml_energy_counter,1.903166095380251e-12,NVIDIA A100-SXM4-80GB,GPU-ac1cbae9-37e9-404d-a624-959b7a66e772,595.84,13020,2.5.1+cu124,True,1395,1593,500.0,73.0,False,4,False,2026-07-22T02:42:30.148707+00:00,False,1395.0,1365.0,1395.0,73.0,4,,,,0,0,0.0
1,e2958cc757b9,4,2048,2048,2048,19868,341329640947712,fp16,resident,sparse_struct,sparse_struct,,650.447,1.3973758519859985,465.477487016512,nvml_energy_counter,1.9056270595018186e-12,NVIDIA A100-SXM4-80GB,GPU-ac1cbae9-37e9-404d-a624-959b7a66e772,595.84,13020,2.5.1+cu124,True,1395,1593,500.0,73.0,False,4,False,2026-07-22T02:42:30.148707+00:00,False,1395.0,1365.0,1395.0,73.0,4,,,,0,0,0.0
1,e2958cc757b9,0,2048,2048,2048,19662,337790587895808,fp16,streamed,sparse_struct,sparse_struct,,700.876,1.4022144820191897,499.83508870250586,nvml_energy_counter,2.074883152801718e-12,NVIDIA A100-SXM4-80GB,GPU-ac1cbae9-37e9-404d-a624-959b7a66e772,595.84,13020,2.5.1+cu124,True,1380,1593,500.0,73.0,False,4,False,2026-07-22T02:42:41.416613+00:00,False,1380.0,1380.0,1395.0,73.0,4,,,,0,0,0.0
1,e2958cc757b9,1,2048,2048,2048,19662,337790587895808,fp16,streamed,sparse_struct,sparse_struct,,700.817,1.4010434639640152,500.2107486495508,nvml_energy_counter,2.0747084883731813e-12,NVIDIA A100-SXM4-80GB,GPU-ac1cbae9-37e9-404d-a624-959b7a66e772,595.84,13020,2.5.1+cu124,True,1380,1593,500.0,73.0,False,4,False,2026-07-22T02:42:41.416613+00:00,False,1380.0,1380.0,1395.0,73.0,4,,,,0,0,0.0
1,e2958cc757b9,2,2048,2048,2048,19662,337790587895808,fp16,streamed,sparse_struct,sparse_struct,,701.237,1.401740844012238,500.26151623921555,nvml_energy_counter,2.075951862271241e-12,NVIDIA A100-SXM4-80GB,GPU-ac1cbae9-37e9-404d-a624-959b7a66e772,595.84,13020,2.5.1+cu124,True,1380,1593,500.0,73.0,False,4,False,2026-07-22T02:42:41.416613+00:00,False,1380.0,1365.0,1395.0,73.0,4,,,,0,0,0.0
1,e2958cc757b9,3,2048,2048,2048,19662,337790587895808,fp16,streamed,sparse_struct,sparse_struct,,701.884,1.4001828570035286,501.28024099800217,nvml_energy_counter,2.0778672501570625e-12,NVIDIA A100-SXM4-80GB,GPU-ac1cbae9-37e9-404d-a624-959b7a66e772,595.84,13020,2.5.1+cu124,True,1380,1593,500.0,73.0,False,4,False,2026-07-22T02:42:41.416613+00:00,True,1380.0,1380.0,1395.0,73.0,4,,,,0,0,0.0
1,e2958cc757b9,4,2048,2048,2048,19662,337790587895808,fp16,streamed,sparse_struct,sparse_struct,,699.518,1.4019415139919147,498.963753493667,nvml_energy_counter,2.0708629105313243e-12,NVIDIA A100-SXM4-80GB,GPU-ac1cbae9-37e9-404d-a624-959b7a66e772,595.84,13020,2.5.1+cu124,True,1380,1593,500.0,73.0,False,4,False,2026-07-22T02:42:41.416613+00:00,False,1380.0,1380.0,1395.0,73.0,4,,,,0,0,0.0
1,e2958cc757b9,0,2048,2048,2048,19566,336141320454144,fp16,streamed,low_entropy,low_entropy,,553.27,1.361425228009466,406.39029497707605,nvml_energy_counter,1.645944626065323e-12,NVIDIA A100-SXM4-80GB,GPU-ac1cbae9-37e9-404d-a624-959b7a66e772,595.84,13020,2.5.1+cu124,True,1410,1593,500.0,64.0,False,0,False,2026-07-22T02:42:52.364090+00:00,True,1410.0,1410.0,1410.0,66.0,0,,,,0,0,0.0
1,e2958cc757b9,1,2048,2048,2048,19566,336141320454144,fp16,streamed,low_entropy,low_entropy,,509.018,1.3614968020119704,373.86646758757837,nvml_energy_counter,1.5142976153966754e-12,NVIDIA A100-SXM4-80GB,GPU-ac1cbae9-37e9-404d-a624-959b7a66e772,595.84,13020,2.5.1+cu124,True,1410,1593,500.0,64.0,False,0,False,2026-07-22T02:42:52.364090+00:00,False,1410.0,1410.0,1410.0,66.0,0,,,,0,0,0.0
1,e2958cc757b9,2,2048,2048,2048,19566,336141320454144,fp16,streamed,low_entropy,low_entropy,,547.539,1.3623246750212274,401.91520423827626,nvml_energy_counter,1.6288952493559762e-12,NVIDIA A100-SXM4-80GB,GPU-ac1cbae9-37e9-404d-a624-959b7a66e772,595.84,13020,2.5.1+cu124,True,1410,1593,500.0,64.0,False,0,False,2026-07-22T02:42:52.364090+00:00,False,1410.0,1410.0,1410.0,65.0,0,,,,0,0,0.0
1,e2958cc757b9,3,2048,2048,2048,19566,336141320454144,fp16,streamed,low_entropy,low_entropy,,547.579,1.3632305359933525,401.6774753369155,nvml_energy_counter,1.629014246925052e-12,NVIDIA A100-SXM4-80GB,GPU-ac1cbae9-37e9-404d-a624-959b7a66e772,595.84,13020,2.5.1+cu124,True,1410,1593,500.0,64.0,False,0,False,2026-07-22T02:42:52.364090+00:00,False,1410.0,1410.0,1410.0,65.0,0,,,,0,0,0.0
1,e2958cc757b9,4,2048,2048,2048,19566,336141320454144,fp16,streamed,low_entropy,low_entropy,,507.793,1.361561754019931,372.94893052097785,nvml_energy_counter,1.5106533148437267e-12,NVIDIA A100-SXM4-80GB,GPU-ac1cbae9-37e9-404d-a624-959b7a66e772,595.84,13020,2.5.1+cu124,True,1410,1593,500.0,64.0,False,0,False,2026-07-22T02:42:52.364090+00:00,False,1410.0,1410.0,1410.0,65.0,0,,,,0,0,0.0
1,e2958cc757b9,0,2048,2048,2048,8658,148743307395072,tf32,resident,adversarial_toggle,adversarial_toggle,,737.652,1.4750049639842473,500.10136779978865,nvml_energy_counter,4.959228169108462e-12,NVIDIA A100-SXM4-80GB,GPU-ac1cbae9-37e9-404d-a624-959b7a66e772,595.84,13020,2.5.1+cu124,True,1395,1593,500.0,71.0,False,4,False,2026-07-22T02:43:04.220538+00:00,False,1395.0,1395.0,1410.0,70.0,4,,,,0,0,0.0
1,e2958cc757b9,1,2048,2048,2048,8658,148743307395072,tf32,resident,adversarial_toggle,adversarial_toggle,,737.599,1.4772258209995925,499.31363879145425,nvml_energy_counter,4.958871850555862e-12,NVIDIA A100-SXM4-80GB,GPU-ac1cbae9-37e9-404d-a624-959b7a66e772,595.84,13020,2.5.1+cu124,True,1395,1593,500.0,71.0,False,4,False,2026-07-22T02:43:04.220538+00:00,False,1395.0,1395.0,1395.0,71.0,4,,,,0,0,0.0
1,e2958cc757b9,2,2048,2048,2048,8658,148743307395072,tf32,resident,adversarial_toggle,adversarial_toggle,,687.077,1.4769434310146607,465.201974274653,nvml_energy_counter,4.619212871037473e-12,NVIDIA A100-SXM4-80GB,GPU-ac1cbae9-37e9-404d-a624-959b7a66e772,595.84,13020,2.5.1+cu124,True,1395,1593,500.0,71.0,False,4,False,2026-07-22T02:43:04.220538+00:00,False,1395.0,1395.0,1395.0,71.0,4,,,,0,0,0.0
1,e2958cc757b9,3,2048,2048,2048,8658,148743307395072,tf32,resident,adversarial_toggle,adversarial_toggle,,738.074,1.475859266007319,500.0978189449804,nvml_energy_counter,4.962065271546147e-12,NVIDIA A100-SXM4-80GB,GPU-ac1cbae9-37e9-404d-a624-959b7a66e772,595.84,13020,2.5.1+cu124,True,1395,1593,500.0,71.0,False,4,False,2026-07-22T02:43:04.220538+00:00,False,1395.0,1395.0,1410.0,71.0,4,,,,0,0,0.0
1,e2958cc757b9,4,2048,2048,2048,8658,148743307395072,tf32,resident,adversarial_toggle,adversarial_toggle,,738.46,1.4775388890411705,499.7905675966431,nvml_energy_counter,4.9646603462877275e-12,NVIDIA A100-SXM4-80GB,GPU-ac1cbae9-37e9-404d-a624-959b7a66e772,595.84,13020,2.5.1+cu124,True,1395,1593,500.0,71.0,False,4,False,2026-07-22T02:43:04.220538+00:00,True,1395.0,1395.0,1395.0,71.0,4,,,,0,0,0.0
1,e2958cc757b9,0,2048,2048,2048,1519,26096221290496,fp32,resident,low_entropy,low_entropy,,393.848,1.4768350679660216,266.683808194255,nvml_energy_counter,1.5092146698780324e-11,NVIDIA A100-SXM4-80GB,GPU-ac1cbae9-37e9-404d-a624-959b7a66e772,595.84,13020,2.5.1+cu124,True,1410,1593,500.0,55.0,False,0,False,2026-07-22T02:43:16.092567+00:00,True,1410.0,1410.0,1410.0,58.0,0,,,,0,0,0.0
1,e2958cc757b9,1,2048,2048,2048,1519,26096221290496,fp32,resident,low_entropy,low_entropy,,392.002,1.4777163609978743,265.27553618969773,nvml_energy_counter,1.5021408488084957e-11,NVIDIA A100-SXM4-80GB,GPU-ac1cbae9-37e9-404d-a624-959b7a66e772,595.84,13020,2.5.1+cu124,True,1410,1593,500.0,55.0,False,0,False,2026-07-22T02:43:16.092567+00:00,False,1410.0,1410.0,1410.0,57.0,0,,,,0,0,0.0
1,e2958cc757b9,2,2048,2048,2048,1519,26096221290496,fp32,resident,low_entropy,low_entropy,,365.39,1.476947930001188,247.3953160960157,nvml_energy_counter,1.400164399023822e-11,NVIDIA A100-SXM4-80GB,GPU-ac1cbae9-37e9-404d-a624-959b7a66e772,595.84,13020,2.5.1+cu124,True,1410,1593,500.0,55.0,False,0,False,2026-07-22T02:43:16.092567+00:00,False,1410.0,1410.0,1410.0,57.0,0,,,,0,0,0.0
1,e2958cc757b9,3,2048,2048,2048,1519,26096221290496,fp32,resident,low_entropy,low_entropy,,390.763,1.4772237269789912,264.5252664598971,nvml_energy_counter,1.4973930349920516e-11,NVIDIA A100-SXM4-80GB,GPU-ac1cbae9-37e9-404d-a624-959b7a66e772,595.84,13020,2.5.1+cu124,True,1410,1593,500.0,55.0,False,0,False,2026-07-22T02:43:16.092567+00:00,False,1410.0,1410.0,1410.0,56.0,0,,,,0,0,0.0
1,e2958cc757b9,4,2048,2048,2048,1519,26096221290496,fp32,resident,low_entropy,low_entropy,,389.76,1.4767981889890507,263.9223171493812,nvml_energy_counter,1.493549566664454e-11,NVIDIA A100-SXM4-80GB,GPU-ac1cbae9-37e9-404d-a624-959b7a66e772,595.84,13020,2.5.1+cu124,True,1410,1593,500.0,55.0,False,0,False,2026-07-22T02:43:16.092567+00:00,False,1410.0,1410.0,1410.0,56.0,0,,,,0,0,0.0
1,e2958cc757b9,0,2048,2048,2048,20116,345590248505344,fp16,resident,low_entropy,low_entropy,,519.842,1.4051413289853372,369.9570920566273,nvml_energy_counter,1.5042148968273376e-12,NVIDIA A100-SXM4-80GB,GPU-ac1cbae9-37e9-404d-a624-959b7a66e772,595.84,13020,2.5.1+cu124,True,1410,1593,500.0,61.0,False,0,False,2026-07-22T02:43:27.392562+00:00,True,1410.0,1410.0,1410.0,61.0,0,,,,0,0,0.0
1,e2958cc757b9,1,2048,2048,2048,20116,345590248505344,fp16,resident,low_entropy,low_entropy,,508.426,1.4058690040255897,361.6453585249864,nvml_energy_counter,1.471181557346917e-12,NVIDIA A100-SXM4-80GB,GPU-ac1cbae9-37e9-404d-a624-959b7a66e772,595.84,13020,2.5.1+cu124,True,1410,1593,500.0,61.0,False,0,False,2026-07-22T02:43:27.392562+00:00,False,1410.0,1410.0,1410.0,61.0,0,,,,0,0,0.0
1,e2958cc757b9,2,2048,2048,2048,20116,345590248505344,fp16,resident,low_entropy,low_entropy,,514.411,1.4059533819672652,365.8805523695358,nvml_energy_counter,1.488499754332754e-12,NVIDIA A100-SXM4-80GB,GPU-ac1cbae9-37e9-404d-a624-959b7a66e772,595.84,13020,2.5.1+cu124,True,1410,1593,500.0,61.0,False,0,False,2026-07-22T02:43:27.392562+00:00,False,1410.0,1410.0,1410.0,61.0,0,,,,0,0,0.0
1,e2958cc757b9,3,2048,2048,2048,20116,345590248505344,fp16,resident,low_entropy,low_entropy,,514.534,1.4065352649777196,365.81663667576123,nvml_energy_counter,1.4888556671530144e-12,NVIDIA A100-SXM4-80GB,GPU-ac1cbae9-37e9-404d-a624-959b7a66e772,595.84,13020,2.5.1+cu124,True,1410,1593,500.0,61.0,False,0,False,2026-07-22T02:43:27.392562+00:00,False,1410.0,1410.0,1410.0,61.0,0,,,,0,0,0.0
1,e2958cc757b9,4,2048,2048,2048,20116,345590248505344,fp16,resident,low_entropy,low_entropy,,514.674,1.4069023429765366,365.82070004313255,nvml_energy_counter,1.489260771176075e-12,NVIDIA A100-SXM4-80GB,GPU-ac1cbae9-37e9-404d-a624-959b7a66e772,595.84,13020,2.5.1+cu124,True,1410,1593,500.0,61.0,False,0,False,2026-07-22T02:43:27.392562+00:00,False,1410.0,1410.0,1410.0,61.0,0,,,,0,0,0.0
0,e2958cc757b9,0,2048,2048,2048,19934,342463512313856,fp16,streamed,reference_drift,reference_drift,,704.073,1.4629421280114911,481.27194269606105,nvml_energy_counter,2.055906613942397e-12,NVIDIA A100-SXM4-80GB,GPU-ac1cbae9-37e9-404d-a624-959b7a66e772,595.84,13020,2.5.1+cu124,True,1335,1593,500.0,71.0,False,4,False,2026-07-22T02:43:39.158465+00:00,False,1350.0,1335.0,1350.0,70.0,4,,,,0,0,0.0
0,e2958cc757b9,1,2048,2048,2048,19934,342463512313856,fp16,streamed,reference_drift,reference_drift,,751.722,1.4658024949603714,512.8398966330884,nvml_energy_counter,2.1950426044543767e-12,NVIDIA A100-SXM4-80GB,GPU-ac1cbae9-37e9-404d-a624-959b7a66e772,595.84,13020,2.5.1+cu124,True,1335,1593,500.0,71.0,False,4,False,2026-07-22T02:43:39.158465+00:00,True,1350.0,1335.0,1365.0,70.0,4,,,,0,0,0.0
0,e2958cc757b9,2,2048,2048,2048,19934,342463512313856,fp16,streamed,reference_drift,reference_drift,,751.174,1.464888380956836,512.7858270739699,nvml_energy_counter,2.1934424339827915e-12,NVIDIA A100-SXM4-80GB,GPU-ac1cbae9-37e9-404d-a624-959b7a66e772,595.84,13020,2.5.1+cu124,True,1335,1593,500.0,71.0,False,4,False,2026-07-22T02:43:39.158465+00:00,False,1350.0,1320.0,1350.0,71.0,4,,,,0,0,0.0
0,e2958cc757b9,3,2048,2048,2048,19934,342463512313856,fp16,streamed,reference_drift,reference_drift,,705.683,1.4648840519948862,481.733007495711,nvml_energy_counter,2.0606078447074557e-12,NVIDIA A100-SXM4-80GB,GPU-ac1cbae9-37e9-404d-a624-959b7a66e772,595.84,13020,2.5.1+cu124,True,1335,1593,500.0,71.0,False,4,False,2026-07-22T02:43:39.158465+00:00,False,1350.0,1335.0,1350.0,71.0,4,,,,0,0,0.0
0,e2958cc757b9,4,2048,2048,2048,19934,342463512313856,fp16,streamed,reference_drift,reference_drift,,749.593,1.4660349320038222,511.3063704255893,nvml_energy_counter,2.1888258837718858e-12,NVIDIA A100-SXM4-80GB,GPU-ac1cbae9-37e9-404d-a624-959b7a66e772,595.84,13020,2.5.1+cu124,True,1335,1593,500.0,71.0,False,4,False,2026-07-22T02:43:39.158465+00:00,False,1335.0,1335.0,1350.0,71.0,4,,,,0,0,0.0
1,e2958cc757b9,0,2048,2048,2048,24144,414790761578496,int8,streamed,low_entropy,low_entropy,,410.881,1.359626572986599,302.2013604054867,nvml_energy_counter,9.905741353456926e-13,NVIDIA A100-SXM4-80GB,GPU-ac1cbae9-37e9-404d-a624-959b7a66e772,595.84,13020,2.5.1+cu124,True,1410,1593,500.0,58.0,False,0,False,2026-07-22T02:43:50.089512+00:00,False,1410.0,1410.0,1410.0,60.0,0,,,,0,0,0.0
1,e2958cc757b9,1,2048,2048,2048,24144,414790761578496,int8,streamed,low_entropy,low_entropy,,437.466,1.3589517619693652,321.91429618225243,nvml_energy_counter,1.0546666910690413e-12,NVIDIA A100-SXM4-80GB,GPU-ac1cbae9-37e9-404d-a624-959b7a66e772,595.84,13020,2.5.1+cu124,True,1410,1593,500.0,58.0,False,0,False,2026-07-22T02:43:50.089512+00:00,True,1410.0,1410.0,1410.0,60.0,0,,,,0,0,0.0
1,e2958cc757b9,2,2048,2048,2048,24144,414790761578496,int8,streamed,low_entropy,low_entropy,,405.137,1.3606913950061426,297.74348650023694,nvml_energy_counter,9.767261895087577e-13,NVIDIA A100-SXM4-80GB,GPU-ac1cbae9-37e9-404d-a624-959b7a66e772,595.84,13020,2.5.1+cu124,True,1410,1593,500.0,58.0,False,0,False,2026-07-22T02:43:50.089512+00:00,False,1410.0,1410.0,1410.0,59.0,0,,,,0,0,0.0
1,e2958cc757b9,3,2048,2048,2048,24144,414790761578496,int8,streamed,low_entropy,low_entropy,,436.048,1.3615153909777291,320.2666696899151,nvml_energy_counter,1.051248099983252e-12,NVIDIA A100-SXM4-80GB,GPU-ac1cbae9-37e9-404d-a624-959b7a66e772,595.84,13020,2.5.1+cu124,True,1410,1593,500.0,58.0,False,0,False,2026-07-22T02:43:50.089512+00:00,False,1410.0,1410.0,1410.0,59.0,0,,,,0,0,0.0
1,e2958cc757b9,4,2048,2048,2048,24144,414790761578496,int8,streamed,low_entropy,low_entropy,,435.516,1.3607840900076553,320.04783359684194,nvml_energy_counter,1.049965525612561e-12,NVIDIA A100-SXM4-80GB,GPU-ac1cbae9-37e9-404d-a624-959b7a66e772,595.84,13020,2.5.1+cu124,True,1410,1593,500.0,58.0,False,0,False,2026-07-22T02:43:50.089512+00:00,False,1410.0,1410.0,1410.0,59.0,0,,,,0,0,0.0
1,e2958cc757b9,0,2048,2048,2048,25209,433087322259456,int8,resident,zeros,zeros,,341.569,1.4170354849775322,241.0447752516344,nvml_energy_counter,7.886839037864314e-13,NVIDIA A100-SXM4-80GB,GPU-ac1cbae9-37e9-404d-a624-959b7a66e772,595.84,13020,2.5.1+cu124,True,1410,1593,500.0,52.0,False,0,False,2026-07-22T02:44:01.461021+00:00,False,1410.0,1410.0,1410.0,54.0,0,,,,0,0,0.0
1,e2958cc757b9,1,2048,2048,2048,25209,433087322259456,int8,resident,zeros,zeros,,340.743,1.4145753979682922,240.880055237351,nvml_energy_counter,7.867766671679806e-13,NVIDIA A100-SXM4-80GB,GPU-ac1cbae9-37e9-404d-a624-959b7a66e772,595.84,13020,2.5.1+cu124,True,1410,1593,500.0,52.0,False,0,False,2026-07-22T02:44:01.461021+00:00,False,1410.0,1410.0,1410.0,53.0,0,,,,0,0,0.0
1,e2958cc757b9,2,2048,2048,2048,25209,433087322259456,int8,resident,zeros,zeros,,340.212,1.4138595560216345,240.62644592317213,nvml_energy_counter,7.855505864846909e-13,NVIDIA A100-SXM4-80GB,GPU-ac1cbae9-37e9-404d-a624-959b7a66e772,595.84,13020,2.5.1+cu124,True,1410,1593,500.0,52.0,False,0,False,2026-07-22T02:44:01.461021+00:00,False,1410.0,1410.0,1410.0,53.0,0,,,,0,0,0.0
1,e2958cc757b9,3,2048,2048,2048,25209,433087322259456,int8,resident,zeros,zeros,,364.608,1.4136413960368372,257.9211397050083,nvml_energy_counter,8.418810278209182e-13,NVIDIA A100-SXM4-80GB,GPU-ac1cbae9-37e9-404d-a624-959b7a66e772,595.84,13020,2.5.1+cu124,True,1410,1593,500.0,52.0,False,0,False,2026-07-22T02:44:01.461021+00:00,True,1410.0,1410.0,1410.0,53.0,0,,,,0,0,0.0
1,e2958cc757b9,4,2048,2048,2048,25209,433087322259456,int8,resident,zeros,zeros,,338.952,1.4168014149763621,239.23747987339146,nvml_energy_counter,7.82641242490444e-13,NVIDIA A100-SXM4-80GB,GPU-ac1cbae9-37e9-404d-a624-959b7a66e772,595.84,13020,2.5.1+cu124,True,1410,1593,500.0,52.0,False,0,False,2026-07-22T02:44:01.461021+00:00,False,1410.0,1410.0,1410.0,52.0,0,,,,0,0,0.0
1,e2958cc757b9,0,2048,2048,2048,20068,344765614784512,fp16,resident,zeros,zeros,,378.244,1.4038081179605797,269.44138245154494,nvml_energy_counter,1.0971047685147283e-12,NVIDIA A100-SXM4-80GB,GPU-ac1cbae9-37e9-404d-a624-959b7a66e772,595.84,13020,2.5.1+cu124,True,1410,1593,500.0,53.0,False,0,False,2026-07-22T02:44:12.737818+00:00,True,1410.0,1410.0,1410.0,53.0,0,,,,0,0,0.0
1,e2958cc757b9,1,2048,2048,2048,20068,344765614784512,fp16,resident,zeros,zeros,,378.016,1.4039794399868697,269.2461080509379,nvml_energy_counter,1.0964434496644059e-12,NVIDIA A100-SXM4-80GB,GPU-ac1cbae9-37e9-404d-a624-959b7a66e772,595.84,13020,2.5.1+cu124,True,1410,1593,500.0,53.0,False,0,False,2026-07-22T02:44:12.737818+00:00,False,1410.0,1410.0,1410.0,53.0,0,,,,0,0,0.0
1,e2958cc757b9,2,2048,2048,2048,20068,344765614784512,fp16,resident,zeros,zeros,,377.71,1.4030902220401913,269.1986545603484,nvml_energy_counter,1.0955558901547625e-12,NVIDIA A100-SXM4-80GB,GPU-ac1cbae9-37e9-404d-a624-959b7a66e772,595.84,13020,2.5.1+cu124,True,1410,1593,500.0,53.0,False,0,False,2026-07-22T02:44:12.737818+00:00,False,1410.0,1410.0,1410.0,53.0,0,,,,0,0,0.0
1,e2958cc757b9,3,2048,2048,2048,20068,344765614784512,fp16,resident,zeros,zeros,,377.503,1.403779593994841,268.9189966964197,nvml_energy_counter,1.0949554822511802e-12,NVIDIA A100-SXM4-80GB,GPU-ac1cbae9-37e9-404d-a624-959b7a66e772,595.84,13020,2.5.1+cu124,True,1410,1593,500.0,53.0,False,0,False,2026-07-22T02:44:12.737818+00:00,False,1410.0,1410.0,1410.0,53.0,0,,,,0,0,0.0
1,e2958cc757b9,4,2048,2048,2048,20068,344765614784512,fp16,resident,zeros,zeros,,378.033,1.4004629219998606,269.9343153335106,nvml_energy_counter,1.0964927585260528e-12,NVIDIA A100-SXM4-80GB,GPU-ac1cbae9-37e9-404d-a624-959b7a66e772,595.84,13020,2.5.1+cu124,True,1410,1593,500.0,53.0,False,0,False,2026-07-22T02:44:12.737818+00:00,False,1410.0,1410.0,1410.0,53.0,0,,,,0,0,0.0
1,e2958cc757b9,0,2048,2048,2048,24851,426936929091584,int8,streamed,zeros,zeros,,354.757,1.3993067929986864,253.52338870574826,nvml_energy_counter,8.309353813801842e-13,NVIDIA A100-SXM4-80GB,GPU-ac1cbae9-37e9-404d-a624-959b7a66e772,595.84,13020,2.5.1+cu124,True,1410,1593,500.0,51.0,False,0,False,2026-07-22T02:44:23.975385+00:00,True,1410.0,1410.0,1410.0,51.0,0,,,,0,0,0.0
1,e2958cc757b9,1,2048,2048,2048,24851,426936929091584,int8,streamed,zeros,zeros,,353.763,1.3996974549954757,252.74247569532335,nvml_energy_counter,8.286071686342991e-13,NVIDIA A100-SXM4-80GB,GPU-ac1cbae9-37e9-404d-a624-959b7a66e772,595.84,13020,2.5.1+cu124,True,1410,1593,500.0,51.0,False,0,False,2026-07-22T02:44:23.975385+00:00,False,1410.0,1410.0,1410.0,51.0,0,,,,0,0,0.0
1,e2958cc757b9,2,2048,2048,2048,24851,426936929091584,int8,streamed,zeros,zeros,,354.394,1.3979109239880927,253.51686857768536,nvml_energy_counter,8.300851386973309e-13,NVIDIA A100-SXM4-80GB,GPU-ac1cbae9-37e9-404d-a624-959b7a66e772,595.84,13020,2.5.1+cu124,True,1410,1593,500.0,51.0,False,0,False,2026-07-22T02:44:23.975385+00:00,False,1410.0,1410.0,1410.0,51.0,0,,,,0,0,0.0
1,e2958cc757b9,3,2048,2048,2048,24851,426936929091584,int8,streamed,zeros,zeros,,353.844,1.3988049810286611,252.9616385407694,nvml_energy_counter,8.287968922081591e-13,NVIDIA A100-SXM4-80GB,GPU-ac1cbae9-37e9-404d-a624-959b7a66e772,595.84,13020,2.5.1+cu124,True,1410,1593,500.0,51.0,False,0,False,2026-07-22T02:44:23.975385+00:00,False,1410.0,1410.0,1410.0,51.0,0,,,,0,0,0.0
1,e2958cc757b9,4,2048,2048,2048,24851,426936929091584,int8,streamed,zeros,zeros,,354.077,1.3987160350079648,253.1443060191869,nvml_energy_counter,8.293426402662992e-13,NVIDIA A100-SXM4-80GB,GPU-ac1cbae9-37e9-404d-a624-959b7a66e772,595.84,13020,2.5.1+cu124,True,1410,1593,500.0,51.0,False,0,False,2026-07-22T02:44:23.975385+00:00,False,1410.0,1410.0,1410.0,51.0,0,,,,0,0,0.0
